id,name,name__ru,party,party__ru,image,term,source
21251,ABDRAXMANOV Alisher Orozbaevich,АБДРАХМАНОВ Алишер Орозбаевич,Respublika,«Республика»,http://kenesh.kg/MyFiles/image/IMG_2687(1).JPG,5,http://www.kenesh.kg/RU/Articles/21251-ABDRAXMANOV_Alisher_Orozbaevich__Frakciya_Respublika_.aspx
2322,ABDYKERIMOV SHarshenbek SHajloobekovich,АБДЫКЕРИМОВ Шаршенбек Шайлообекович,Yntymak,"""Ынтымак""",http://www.kenesh.kg/MyFiles/image/clip_image002.jpg,5,http://www.kenesh.kg/RU/Articles/2322-ABDYKERIMOV_SHarshenbek_SHajloobekovich__deputatskaya_gruppa_Yntymak.aspx
298,ABDYLDAEV Myktybek YUsupovich,АБДЫЛДАЕВ Мыктыбек Юсупович,AtaZHurt,«Ата-Журт»,http://www.kenesh.kg/MyFiles/image/%D0%9C_%D0%90%D0%B1%D0%B4%D1%8B%D0%BB%D0%B4%D0%B0%D0%B5%D0%B2-26.JPG,5,http://www.kenesh.kg/RU/Articles/298-ABDYLDAEV_Myktybek_YUsupovich__Frakciya_AtaZHurt.aspx
299,ABDYRAXMANOV Omurbek,АБДЫРАХМАНОВ Омурбек,"","",http://www.kenesh.kg/MyFiles/image/%D0%90%D0%B1%D0%B4%D1%8B%D1%80%D0%B0%D1%85%D0%BC%D0%B0%D0%BD%D0%BE%D0%B2%20%D0%9E%D0%BC%D1%83%D1%80%D0%B1%D0%B5%D0%BA%20copy.jpg,5,http://www.kenesh.kg/RU/Articles/299-ABDYRAXMANOV_Omurbek_.aspx
30533,ABYTOV Almasbek Axunzhanovich,АБЫТОВ Алмасбек Ахунжанович,AtaZHurt,«Ата-Журт»,"",5,http://www.kenesh.kg/RU/Articles/30533-ABYTOV_Almasbek_Axunzhanovich__Frakciya_AtaZHurt.aspx
241,AJDAROV Nurgazy Abdyraevich,АЙДАРОВ Нургазы Абдыраевич,AtaZHurt,«Ата-Журт»,http://www.kenesh.kg/MyFiles/image/for%20site/%D0%90%D0%B9%D0%B4%D0%B0%D1%80%D0%BE%D0%B2%20%D0%9D_%20%D0%90_.jpg,5,http://www.kenesh.kg/RU/Articles/241-AJDAROV_Nurgazy_Abdyraevich__Frakciya_AtaZHurt.aspx
301,AJTMATOVA SHirin,АЙТМАТОВА Ширин,Ata Meken,«Ата Мекен»,http://www.kenesh.kg/MyFiles/image/%D0%90%D0%B9%D1%82%D0%BC%D0%B0%D1%82%D0%BE%D0%B2%D0%B0%20%D0%A8.jpg,5,http://www.kenesh.kg/RU/Articles/301-AJTMATOVA_SHirin__Frakciya_Ata_Meken.aspx
302,AKNAZAROVA Roza Korchubekovna,АКНАЗАРОВА Роза Корчубековна,Respublika,«Республика»,http://www.kenesh.kg/MyFiles/image/%D0%A4%D0%BE%D1%82%D0%BE%20%D1%84%D1%80%D0%B0%D0%BA%D1%86%D0%B8%D1%8F%20%D0%A0%D0%B5%D1%81%D0%BF%D1%83%D0%B1%D0%BB%D0%B8%D0%BA%D0%B0/sait/P1110498(1).JPG,5,http://www.kenesh.kg/RU/Articles/302-AKNAZAROVA_Roza_Korchubekovna__Frakciya_Respublika.aspx
303,ALIMBEKOV Nurbek Kaaryevich,АЛИМБЕКОВ Нурбек Каарыевич,Respublika,«Республика»,http://www.kenesh.kg/MyFiles/image/%D0%A4%D0%BE%D1%82%D0%BE%20%D1%84%D1%80%D0%B0%D0%BA%D1%86%D0%B8%D1%8F%20%D0%A0%D0%B5%D1%81%D0%BF%D1%83%D0%B1%D0%BB%D0%B8%D0%BA%D0%B0/sait/%D0%B0%D0%BB%D0%B8%D0%BC%D0%B1%D0%B5%D0%BA%D0%BE%D0%B22.JPG,5,http://www.kenesh.kg/RU/Articles/303-ALIMBEKOV_Nurbek_Kaaryevich__Frakciya_Respublika.aspx
304,ALTYBAEVA Ajnuru Tojchievna,АЛТЫБАЕВА Айнуру Тойчиевна,ArNamys,«Ар–Намыс»,http://www.kenesh.kg/MyFiles/image/Altybaeva%20A_T_.jpg,5,http://www.kenesh.kg/RU/Articles/304-ALTYBAEVA_Ajnuru_Tojchievna__Frakciya_ArNamys.aspx
305,ALYMBEKOV Zamirbek Madanbekovich,АЛЫМБЕКОВ Замирбек Маданбекович,SDPK,СДПК,http://www.kenesh.kg/MyFiles/image/%D0%90%D0%BB%D1%8B%D0%BC%D0%B1%D0%B5%D0%BA%D0%BE%D0%B2%20%D0%97%D0%B0%D0%BC%D0%B8%D1%80%20%D0%9C%D0%B0%D0%B4%D0%B0%D0%BD%D0%B1%D0%B5%D0%BA%D0%BE%D0%B2%D0%B8%D1%87.jpg,5,http://www.kenesh.kg/RU/Articles/305-ALYMBEKOV_Zamirbek_Madanbekovich__Frakciya_SDPK.aspx
242,ARAPBAEV Azamat Abdullazhanovich,АРАПБАЕВ Азамат Абдуллажанович,AtaZHurt,«Ата-Журт»,http://www.kenesh.kg/MyFiles/image/IMG_0955(2).jpg,5,http://www.kenesh.kg/RU/Articles/242-ARAPBAEV_Azamat_Abdullazhanovich__Frakciya_AtaZHurt.aspx
308,ARIPOV Nazarali Turdalievich,АРИПОВ Назарали Турдалиевич,Respublika,«Республика»,http://www.kenesh.kg/MyFiles/image/%D0%A4%D0%BE%D1%82%D0%BE%20%D1%84%D1%80%D0%B0%D0%BA%D1%86%D0%B8%D1%8F%20%D0%A0%D0%B5%D1%81%D0%BF%D1%83%D0%B1%D0%BB%D0%B8%D0%BA%D0%B0/sait/%D0%90%D1%80%D0%B8%D0%BF%D0%BE%D0%B2(1).JPG,5,http://www.kenesh.kg/RU/Articles/308-ARIPOV_Nazarali_Turdalievich__Frakciya_Respublika.aspx
309,ARTYKOV Anvar,АРТЫКОВ Анвар,ArNamys,«Ар–Намыс»,http://www.kenesh.kg/MyFiles/image/%D0%90%D1%80%D1%82%D1%8B%D0%BA%D0%BE%D0%B2%20%D0%90_%20copy.jpg,5,http://www.kenesh.kg/RU/Articles/309-ARTYKOV_Anvar__Frakciya_ArNamys.aspx
313,BAATYRBEKOV Almazbek Baatyrbekovich,БААТЫРБЕКОВ Алмазбек Баатырбекович,Yntymak,"""Ынтымак""","",5,http://www.kenesh.kg/RU/Articles/313-BAATYRBEKOV_Almazbek_Baatyrbekovich__deputatskaya_gruppa_Yntymak.aspx
314,BADYKEEVA Nurzhan Nuralievna,БАДЫКЕЕВА Нуржан Нуралиевна,ArNamys,«Ар–Намыс»,http://www.kenesh.kg/MyFiles/image/IMG_8675a(1).jpg,5,http://www.kenesh.kg/RU/Articles/314-BADYKEEVA_Nurzhan_Nuralievna__Frakciya_ArNamys.aspx
2893,BAKIR uulu Tursunbaj,БАКИР уулу Турсунбай,ArNamys,«Ар–Намыс»,http://www.kenesh.kg/MyFiles/image/%D0%91%D0%B0%D0%BA%D0%B8%D1%80%20%D1%83_8596.jpg,5,http://www.kenesh.kg/RU/Articles/2893-BAKIR_uulu_Tursunbaj__Frakciya_ArNamys_.aspx
316,BAKIROV Mirlan Isakbekovich,БАКИРОВ Мирлан Исакбекович,Onuguu,«Өнүгүү»,http://www.kenesh.kg/MyFiles/image/Bakirov%20M%2016012013-6.jpg,5,http://www.kenesh.kg/RU/Articles/316-BAKIROV_Mirlan_Isakbekovich__deputatskaya_gruppa_Onuguu.aspx
2924,BAKIROV Omurbek Myrzaraimovich,БАКИРОВ Омурбек Мырзараимович,AtaZHurt,«Ата-Журт»,http://www.kenesh.kg/MyFiles/image/28-%D1%8F%D0%BD%D0%B2%20%D0%9E%20%D0%91%D0%B0%D0%BA%D0%B8%D1%80%D0%BE%D0%B2%20%D0%90%D1%82%D0%B0%20%D0%96%D1%83%D1%80%D1%82%20.JPG,5,http://www.kenesh.kg/RU/Articles/2924-BAKIROV_Omurbek_Myrzaraimovich__Frakciya_AtaZHurt.aspx
317,BALTABAEV Tashpolot,БАЛТАБАЕВ Ташполот,Ata Meken,«Ата Мекен»,http://www.kenesh.kg/MyFiles/image/%D0%91%D0%B0%D0%BB%D1%82%D0%B0%D0%B1%D0%B0%D0%B5%D0%B2%20%D0%A2_.jpg,5,http://www.kenesh.kg/RU/Articles/317-BALTABAEV_Tashpolot__Frakciya_Ata_Meken.aspx
318,BEKBOEV Zamir Isakovich,БЕКБОЕВ Замир Исакович,ArNamys,«Ар–Намыс»,http://www.kenesh.kg/MyFiles/image/%D0%91%D0%B5%D0%BA%D0%B1%D0%BE%D0%B5%D0%B2%20%D0%97_%20copy.jpg,5,http://www.kenesh.kg/RU/Articles/318-BEKBOEV_Zamir_Isakovich__Frakciya_ArNamys.aspx
319,BEKESHEV Dastan Dalabajevich,БЕКЕШЕВ Дастан Далабайевич,ArNamys,«Ар–Намыс»,http://www.kenesh.kg/MyFiles/image/%D0%91%D0%B5%D0%BA%D0%B5%D1%88%D0%B5%D0%B2%20%D0%94_%20%D0%94_.jpg,5,http://www.kenesh.kg/RU/Articles/319-BEKESHEV_Dastan_Dalabajevich_Frakciya_ArNamys.aspx
320,BEKMATOV Abdyzhapar Gapyrovich,БЕКМАТОВ Абдыжапар Гапырович,Respublika,«Республика»,http://www.kenesh.kg/MyFiles/image/%D0%A4%D0%BE%D1%82%D0%BE%20%D1%84%D1%80%D0%B0%D0%BA%D1%86%D0%B8%D1%8F%20%D0%A0%D0%B5%D1%81%D0%BF%D1%83%D0%B1%D0%BB%D0%B8%D0%BA%D0%B0/sait/%D0%91%D0%B5%D0%BA%D0%BC%D0%B0%D1%82%D0%BE%D0%B2.JPG,5,http://www.kenesh.kg/RU/Articles/320-BEKMATOV_Abdyzhapar_Gapyrovich__Frakciya_Respublika.aspx
321,BOKOEV Kenzhebek Satymkulovich,БОКОЕВ Кенжебек Сатымкулович,Respublika,«Республика»,http://www.kenesh.kg/MyFiles/image/%D0%A4%D0%BE%D1%82%D0%BE%20%D1%84%D1%80%D0%B0%D0%BA%D1%86%D0%B8%D1%8F%20%D0%A0%D0%B5%D1%81%D0%BF%D1%83%D0%B1%D0%BB%D0%B8%D0%BA%D0%B0/%D0%91%D0%BE%D0%BA%D0%BE%D0%B5%D0%B2%2014%20%D0%BC%D0%B0%D1%80%D1%82.JPG,5,http://www.kenesh.kg/RU/Articles/321-BOKOEV_Kenzhebek_Satymkulovich__Frakciya_Respublika.aspx
238,GUSAROV Igor Konstantinovich,ГУСАРОВ Игорь Константинович,ArNamys,«Ар–Намыс»,http://www.kenesh.kg/MyFiles/image/%D0%93%D1%83%D1%81%D0%B0%D1%80%D0%BE%D0%B2%20%D0%98_%20%D0%9A_%20copy.jpg,5,http://www.kenesh.kg/RU/Articles/238-GUSAROV_Igor_Konstantinovich__Frakciya_ArNamys.aspx
322,DZHETIGENOV Bakytbek Dzhenishbekovich,ДЖЕТИГЕНОВ Бакытбек Дженишбекович,ArNamys,«Ар–Намыс»,http://www.kenesh.kg/MyFiles/image/IMG_3560-21-14.JPG,5,http://www.kenesh.kg/RU/Articles/322-DZHETIGENOV_Bakytbek_Dzhenishbekovich__Frakciya_ArNamys.aspx
323,DZHOLDOSHOVA ZHyldyzkan Ajtibaevna,ДЖОЛДОШОВА Жылдызкан Айтибаевна,AtaZHurt,«Ата-Журт»,http://www.kenesh.kg/MyFiles/image/IMG_6239.1(1).jpg,5,http://www.kenesh.kg/RU/Articles/323-DZHOLDOSHOVA_ZHyldyzkan_Ajtibaevna__Frakciya_AtaZHurt.aspx
324,DZHUMABEKOV Dastanbek Artisbekovich,ДЖУМАБЕКОВ Дастанбек Артисбекович,AtaZHurt,«Ата-Журт»,http://www.kenesh.kg/MyFiles/image/%D0%96%D1%83%D0%BC%D0%B0%D0%B1%D0%B5%D0%BA%D0%BE%D0%B2%20%D0%94.%20%D0%90.%20copy(1).jpg,5,http://www.kenesh.kg/RU/Articles/324-DZHUMABEKOV_Dastanbek_Artisbekovich__Frakciya_AtaZHurt.aspx
325,DZHUMALIEVA Elmira Busurmankulovna,ДЖУМАЛИЕВА Эльмира Бусурманкуловна,Yntymak,"""Ынтымак""","",5,http://www.kenesh.kg/RU/Articles/325-DZHUMALIEVA_Elmira_Busurmankulovna_deputatskaya_gruppa_Yntymak.aspx
326,DOMSHENKO Oleg Leonidovich,ДОМШЕНКО Олег Леонидович,SDPK,СДПК,http://www.kenesh.kg/MyFiles/image/%D0%94%D0%BE%D0%BC%D1%88%D0%B5%D0%BD%D0%BA%D0%BE%20%D0%9E_%20%D0%9B_%20copy.jpg,5,http://www.kenesh.kg/RU/Articles/326-DOMSHENKO_Oleg_Leonidovich__Frakciya_SDPK.aspx
327,DOSALIEV Akunaly Atamyrzaevich,ДОСАЛИЕВ Акуналы Атамырзаевич,Ata Meken,«Ата Мекен»,http://www.kenesh.kg/MyFiles/image/%D0%94%D0%BE%D1%81%D0%B0%D0%BB%D0%B8%D0%B5%D0%B2%20%D0%90_%20%D0%90_%20copy.jpg,5,http://www.kenesh.kg/RU/Articles/327-DOSALIEV_Akunaly_Atamyrzaevich__Frakciya_Ata_Meken.aspx
808,DYJKANBAEV Kurmanbek Saparovich,ДЫЙКАНБАЕВ Курманбек Сапарович,Respublika,«Республика»,http://www.kenesh.kg/MyFiles/image/%D0%A4%D0%BE%D1%82%D0%BE%20%D1%84%D1%80%D0%B0%D0%BA%D1%86%D0%B8%D1%8F%20%D0%A0%D0%B5%D1%81%D0%BF%D1%83%D0%B1%D0%BB%D0%B8%D0%BA%D0%B0/sait/1370090243_bee239d245b3a51192be1aec224cad78_500_0_0.jpg,5,http://www.kenesh.kg/RU/Articles/808-DYJKANBAEV_Kurmanbek_Saparovich__Frakciya_Respublika.aspx
331,ZHOOSHBEKOV Zairbek Sulajmanovich,ЖООШБЕКОВ Заирбек Сулайманович,SDPK,СДПК,http://www.kenesh.kg/MyFiles/image/%D0%96%D0%BE%D0%BE%D1%88%D0%B1%D0%B5%D0%BA%D0%BE%D0%B2%20%D0%97_%20%D0%A1_%20copy.jpg,5,http://www.kenesh.kg/RU/Articles/331-ZHOOSHBEKOV_Zairbek_Sulajmanovich__Frakciya_SDPK.aspx
246,ZHEENBEKOV Asylbek SHaripovich,ЖЭЭНБЕКОВ Асылбек Шарипович,SDPK,СДПК,"",5,http://www.kenesh.kg/RU/Articles/246-ZHEENBEKOV_Asylbek_SHaripovich__Frakciya_SDPK.aspx
332,ZHEENBEKOV Ravshan Babyrbekovich,ЖЭЭНБЕКОВ Равшан Бабырбекович,"","",http://www.kenesh.kg/MyFiles/image/_MG_6069.jpg,5,http://www.kenesh.kg/RU/Articles/332-ZHEENBEKOV_Ravshan_Babyrbekovich_.aspx
333,ZULPUKAROV Torobaj Zakirovich,ЗУЛПУКАРОВ Төрөбай Закирович,SDPK,СДПК,http://www.kenesh.kg/MyFiles/image/11-%D1%8F%D0%BD%D0%B2%20%D0%97%D1%83%D0%BB%D0%BF%D1%83%D0%BA%D0%B0%D1%80%D0%BE%D0%B2.jpg,5,http://www.kenesh.kg/RU/Articles/333-ZULPUKAROV_Torobaj_Zakirovich__Frakciya_SDPK.aspx
27604,IBRAEV Samatbek Kulukeevich,ИБРАЕВ Саматбек Кулукеевич,SDPK,СДПК,http://kenesh.kg/MyFiles/image/23-06-14%D1%80%D0%B0%D0%B7%D0%BD%D0%BE%D0%B5/other/2.JPG,5,http://www.kenesh.kg/RU/Articles/27604-IBRAEV_Samatbek_Kulukeevich__Frakciya_SDPK.aspx
27605,IBRAEV Taalajbek Omukeevich,ИБРАЕВ Таалайбек Омукеевич,AtaZHurt,«Ата-Журт»,"",5,http://www.kenesh.kg/RU/Articles/27605-IBRAEV_Taalajbek_Omukeevich__Frakciya_AtaZHurt.aspx
334,IZMALKOVA Alla Nikolaevna,ИЗМАЛКОВА Алла Николаевна,SDPK,СДПК,http://www.kenesh.kg/MyFiles/image/%D0%98%D0%B7%D0%BC%D0%B0%D0%BB%D0%BA%D0%BE%D0%B2%D0%B0%20%D0%90_%20%D0%9D_%20copy.jpg,5,http://www.kenesh.kg/RU/Articles/334-IZMALKOVA_Alla_Nikolaevna__Frakciya_SDPK.aspx
336,IMANALIEV Kanybek Kapashovich,ИМАНАЛИЕВ Каныбек Капашович,ArNamys,«Ар–Намыс»,http://www.kenesh.kg/MyFiles/image/%D0%98%D0%BC%D0%B0%D0%BD%D0%B0%D0%BB%D0%B8%D0%B5%D0%B2%20%D0%9A_%20%D0%9A_%20copy.jpg,5,http://www.kenesh.kg/RU/Articles/336-IMANALIEV_Kanybek_Kapashovich__Frakciya_ArNamys.aspx
337,IMANALIEVA Elmira Sansyzbaevna,ИМАНАЛИЕВА Эльмира Сансызбаевна,Yntymak,"""Ынтымак""",http://www.kenesh.kg/MyFiles/image/%D0%98%D0%BC%D0%B0%D0%BD%D0%B0%D0%BB%D0%B8%D0%B5%D0%B2%D0%B0%20%D0%AD_%20%D0%A1_%20copy.jpg,5,http://www.kenesh.kg/RU/Articles/337-IMANALIEVA_Elmira_Sansyzbaevna__deputatskaya_gruppa_Yntymak.aspx
2083,IMANKOZHOEVA Erkingul Bekbachaevna,ИМАНКОЖОЕВА Эркингуль Бекбачаевна,SDPK,СДПК,http://www.kenesh.kg/MyFiles/image/5Z4Q0459.JPG,5,http://www.kenesh.kg/RU/Articles/2083-IMANKOZHOEVA_Erkingul_Bekbachaevna__Frakciya_SDPK.aspx
338,ISAEV ZHusupali Kalmatovich,ИСАЕВ Жусупали Калматович,SDPK,СДПК,http://www.kenesh.kg/MyFiles/image/IMG_6412-res.jpg,5,http://www.kenesh.kg/RU/Articles/338-ISAEV_ZHusupali_Kalmatovich__Frakciya_SDPK.aspx
381,ISAEVA Dinara SHertaevna,ИСАЕВА Динара Шертаевна,AtaZHurt,«Ата-Журт»,http://www.kenesh.kg/MyFiles/image/%D0%94_%20%D0%98%D1%81%D0%B0%D0%B5%D0%B2%D0%B0.jpg,5,http://www.kenesh.kg/RU/Articles/381-ISAEVA_Dinara_SHertaevna__Frakciya_AtaZHurt.aspx
382,ISAKOV Ismail Isakovich,ИСАКОВ Исмаил Исакович,SDPK,СДПК,http://www.kenesh.kg/MyFiles/image/11-%D1%8F%D0%BD%D0%B2%20%D0%98_%D0%98%D1%81%D0%B0%D0%BA%D0%BE%D0%B2t.jpeg,5,http://www.kenesh.kg/RU/Articles/382-ISAKOV_Ismail_Isakovich__Frakciya_SDPK.aspx
383,ISAKOV Esengul Bajdalievich,ИСАКОВ Эсенгул Байдалиевич,ArNamys,«Ар–Намыс»,http://www.kenesh.kg/MyFiles/image/%D0%98%D1%81%D0%B0%D0%BA%D0%BE%D0%B2%20%D0%AD_%20copy.jpg,5,http://www.kenesh.kg/RU/Articles/383-ISAKOV_Esengul_Bajdalievich__Frakciya_ArNamys.aspx
384,KADYRALIEVA Yrgal Karmyshakovna,КАДЫРАЛИЕВА Ыргал Кармышаковна,SDPK,СДПК,http://www.kenesh.kg/MyFiles/image/IMG_9991%D0%B0%D0%B1.jpg,5,http://www.kenesh.kg/RU/Articles/384-KADYRALIEVA_Yrgal_Karmyshakovna__Frakciya_SDPK.aspx
385,KADYROV Baxtiyar Sabirzhanovich,КАДЫРОВ Бахтияр Сабиржанович,SDPK,СДПК,http://www.kenesh.kg/MyFiles/image/%D0%9A%D0%B0%D0%B4%D1%8B%D1%80%D0%BE%D0%B2%20%D0%91_%20%D0%A1_%20copy.jpg,5,http://www.kenesh.kg/RU/Articles/385-KADYROV_Baxtiyar_Sabirzhanovich__Frakciya_SDPK.aspx
21957,KALMAMATOV Azhibaj Ajtievich,КАЛМАМАТОВ Ажибай Айтиевич,AtaZHurt,"""Ата-Журт""","",5,http://www.kenesh.kg/RU/Articles/21957-KALMAMATOV_Azhibaj_Ajtievich__Frakciya_AtaZHurt.aspx
386,KALMAMATOV Baktybek Orozalievich,КАЛМАМАТОВ Бактыбек Орозалиевич,Ata Meken,«Ата Мекен»,http://www.kenesh.kg/MyFiles/image/%D0%A4%D0%BE%D1%82%D0%BE%20%D1%84%D1%80%D0%B0%D0%BA%D1%86%D0%B8%D1%8F%20%D0%90%D1%82%D0%B0-%D0%9C%D0%B5%D0%BA%D0%B5%D0%BD/%D1%84%D0%BE%D1%82%D0%BE%20%D0%B4%D0%BB%D1%8F%20%D0%B1%D0%B8%D0%BE%D0%B3%D1%80%D0%B0%D1%84%D0%B8%D0%B9/kalmamatov.jpg,5,http://www.kenesh.kg/RU/Articles/386-KALMAMATOV_Baktybek_Orozalievich_Frakciya_Ata_Meken.aspx
387,KALMATOV Anarbek Baratovich,КАЛМАТОВ Анарбек Баратович,ArNamys,«Ар–Намыс»,http://www.kenesh.kg/MyFiles/image/%D0%9A%D0%B0%D0%BB%D0%BC%D0%B0%D1%82%D0%BE%D0%B2%20%D0%BD%D0%B0%20%D1%81%D0%B0%D0%B9%D1%82%20%D0%B1%D0%B8%D0%BE%D0%B3%D1%80%D0%B0%D1%84%D0%B8%D1%8F.JPG,5,http://www.kenesh.kg/RU/Articles/387-KALMATOV_Anarbek_Baratovich__Frakciya_ArNamys.aspx
247,KARAMUSHKINA Irina YUrevna,КАРАМУШКИНА Ирина Юрьевна,SDPK,СДПК,http://www.kenesh.kg/MyFiles/image/%D0%9A%D0%B0%D1%80%D0%B0%D0%BC%D1%83%D1%88%D0%BA%D0%B8%D0%BD%D0%B0%20%D0%98_%20%D0%AE_%20copy.jpg,5,http://www.kenesh.kg/RU/Articles/247-KARAMUSHKINA_Irina_YUrevna__Frakciya_SDPK.aspx
27204,KASYMBEKOV Nurbek Ajtyevich,КАСЫМБЕКОВ Нурбек Айтыевич,SDPK,СДПК,http://kenesh.kg/MyFiles/image/23-06-14%D1%80%D0%B0%D0%B7%D0%BD%D0%BE%D0%B5/IMG_5018.JPG,5,http://www.kenesh.kg/RU/Articles/27204-KASYMBEKOV_Nurbek_Ajtyevich__Frakciya_SDPK.aspx
389,KELDIBEKOV Axmatbek Keldibekovich,КЕЛДИБЕКОВ Ахматбек Келдибекович,AtaZHurt,«Ата-Журт»,"",5,http://www.kenesh.kg/RU/Articles/389-KELDIBEKOV_Axmatbek_Keldibekovich__Frakciya_AtaZHurt.aspx
2923,KORKMAZOV Xadzhimurat Zulkarnaevich,КОРКМАЗОВ Хаджимурат Зулкарнаевич,Reforma uchun,"""Реформа үчүн""",http://www.kenesh.kg/MyFiles/image/IMG_8519aapg.jpg,5,http://www.kenesh.kg/RU/Articles/2923-KORKMAZOV_Xadzhimurat_Zulkarnaevich__deputatskaya_gruppa_Reforma_uchun.aspx
329,KOCHKAROVA Eristina AzretAlievna,КОЧКАРОВА Эристина Азрет,ArNamys,Алиевна - «Ар-Намыс»,http://www.kenesh.kg/MyFiles/image/727%D1%81%20.jpg,5,http://www.kenesh.kg/RU/Articles/329-KOCHKAROVA_Eristina_AzretAlievna__Frakciya_ArNamys.aspx
1118,KOCHKORBAEV Abdimutalip Kaldarbaevich,КОЧКОРБАЕВ Абдимуталип Калдарбаевич,AtaZHurt,«Ата-Журт»,"",5,http://www.kenesh.kg/RU/Articles/1118-KOCHKORBAEV_Abdimutalip_Kaldarbaevich__Frakciya_AtaZHurt.aspx
1117,KOCHKOROV Ulukbek Tojchubaevich,КОЧКОРОВ Улукбек Тойчубаевич,AtaZHurt,«Ата-Журт»,http://www.kenesh.kg/MyFiles/image/%D0%9A%D0%BE%D1%87%D0%BA%D0%BE%D1%80%D0%BE%D0%B2%20%D0%A3%D0%BB%D1%83%D0%BA%D0%B1%D0%B5%D0%BA%20copy.jpg,5,http://www.kenesh.kg/RU/Articles/1117-KOCHKOROV_Ulukbek_Tojchubaevich__Frakciya_AtaZHurt.aspx
390,KUDAJBERGENOV Dzhanysh Kamchybekovich,КУДАЙБЕРГЕНОВ Джаныш Камчыбекович,AtaZHurt,«Ата-Журт»,http://www.kenesh.kg/MyFiles/image/%D0%9A%D1%83%D0%B4%D0%B0%D0%B9%D0%B1%D0%B5%D1%80%D0%B3%D0%B5%D0%BD%D0%BE%D0%B2%20%D0%96_%20%D0%9A_%20copy.jpg,5,http://www.kenesh.kg/RU/Articles/390-KUDAJBERGENOV_Dzhanysh_Kamchybekovich__Frakciya_AtaZHurt.aspx
391,KULOV Feliks SHarshenbaevich,КУЛОВ Феликс Шаршенбаевич,ArNamys,«Ар–Намыс»,http://www.kenesh.kg/MyFiles/image/%D0%9A%D1%83%D0%BB%D0%BE%D0%B2%20%D0%A4_%20%D0%A8_%20copy.jpg,5,http://www.kenesh.kg/RU/Articles/391-KULOV_Feliks_SHarshenbaevich__Frakciya_ArNamys.aspx
312,KUTUSHEV Abdymanap Orozbaevich,КУТУШЕВ Абдыманап Орозбаевич,SDPK,СДПК,http://www.kenesh.kg/MyFiles/image/IMG_9311%2001.jpg,5,http://www.kenesh.kg/RU/Articles/312-KUTUSHEV_Abdymanap_Orozbaevich__Frakciya_SDPK.aspx
392,LEVINA Tatyana Vladimirovna,ЛЕВИНА Татьяна Владимировна,ArNamys,« Ар–Намыс»,http://www.kenesh.kg/MyFiles/image/IMG_8669%D0%B0%D0%B0.jpg,5,http://www.kenesh.kg/RU/Articles/392-LEVINA_Tatyana_Vladimirovna__Frakciya__ArNamys.aspx
15709,MADALIEV Nurkamil Apishevich,МАДАЛИЕВ Нуркамил Апишевич,ArNamys,«Ар–Намыс»,http://www.kenesh.kg/MyFiles/image/240413%20%D0%9D%20%D0%9C%D0%B0%D0%B4%D0%B0%D0%BB%D0%B8%D0%B5%D0%B2(1).jpg,5,http://www.kenesh.kg/RU/Articles/15709-MADALIEV_Nurkamil_Apishevich__Frakciya_ArNamys.aspx
806,MADEMINOV Muradyl Ganyevich,МАДЕМИНОВ Мурадыл Ганыевич,SDPK,СДПК,http://www.kenesh.kg/MyFiles/image/IMG_8811-%D0%9C%D0%B0%D0%B4%D0%B5%D0%BC%D0%B8%D0%BD%D0%BE%D0%B2_%20%D0%9C.jpg,5,http://www.kenesh.kg/RU/Articles/806-MADEMINOV_Muradyl_Ganyevich__Frakciya_SDPK_.aspx
393,MADYLBEKOV Turatbek,МАДЫЛБЕКОВ Туратбек,Ata Meken,«Ата Мекен»,http://www.kenesh.kg/MyFiles/image/%D0%9C%D0%B0%D0%B4%D1%8B%D0%BB%D0%B1%D0%B5%D0%BA%D0%BE%D0%B2%20%D0%A2_%20copy.jpg,5,http://www.kenesh.kg/RU/Articles/393-MADYLBEKOV_Turatbek__Frakciya_Ata_Meken.aspx
399,MAMATOV Abdimuktar,МАМАТОВ Абдимуктар,Ata Meken,«Ата Мекен»,http://www.kenesh.kg/MyFiles/image/%D0%A4%D0%BE%D1%82%D0%BE%20%D1%84%D1%80%D0%B0%D0%BA%D1%86%D0%B8%D1%8F%20%D0%90%D1%82%D0%B0-%D0%9C%D0%B5%D0%BA%D0%B5%D0%BD/%D1%84%D0%BE%D1%82%D0%BE%20%D0%B4%D0%BB%D1%8F%20%D0%B1%D0%B8%D0%BE%D0%B3%D1%80%D0%B0%D1%84%D0%B8%D0%B9/__10_1%D0%9C%D0%B0%D0%BC%D0%B0%D1%82%D0%BE%D0%B2.jpg,5,http://www.kenesh.kg/RU/Articles/399-MAMATOV_Abdimuktar__Frakciya_Ata_Meken.aspx
400,MAMATOV Baktygul Arstanovich,МАМАТОВ Бактыгул Арстанович,ArNamys,«Ар–Намыс»,http://www.kenesh.kg/MyFiles/image/100_5279.jpg,5,http://www.kenesh.kg/RU/Articles/400-MAMATOV_Baktygul_Arstanovich__Frakciya_ArNamys.aspx
401,MAMYROVA Bodosh Amanbaevna,МАМЫРОВА Бөдөш Аманбаевна,ArNamys,«Ар–Намыс»,http://www.kenesh.kg/MyFiles/image/%D0%9C%D0%B0%D0%BC%D1%8B%D1%80%D0%BE%D0%B2%D0%B0%20%D0%91_%20%D0%90_%20copy.jpg,5,http://www.kenesh.kg/RU/Articles/401-MAMYROVA_Bodosh_Amanbaevna__Frakciya_ArNamys.aspx
396,MOLDOBAEV Narynbek,МОЛДОБАЕВ Нарынбек,Reforma uchun,"""Реформа үчүн""",http://www.kenesh.kg/MyFiles/image/%D0%9C%D0%BE%D0%BB%D0%B4%D0%BE%D0%B1%D0%B0%D0%B5%D0%B2%20%D0%9D%20copy.jpg,5,http://www.kenesh.kg/RU/Articles/396-MOLDOBAEV_Narynbek__deputatskaya_gruppa_Reforma_uchun.aspx
30724,MURATOV Timur,МУРАТОВ Тимур,AtaZHurt,«Ата-Журт»,"",5,http://www.kenesh.kg/RU/Articles/30724-MURATOV_Timur__Frakciya_AtaZHurt.aspx
395,MURASHEV Nurbek Murpazylzhanovich,МУРАШЕВ Нурбек Мурпазылжанович,Respublika,«Республика»,http://www.kenesh.kg/MyFiles/image/%D0%A4%D0%BE%D1%82%D0%BE%20%D1%84%D1%80%D0%B0%D0%BA%D1%86%D0%B8%D1%8F%20%D0%A0%D0%B5%D1%81%D0%BF%D1%83%D0%B1%D0%BB%D0%B8%D0%BA%D0%B0/sait/40946_watermark_12_12_rightbottom.jpg,5,http://www.kenesh.kg/RU/Articles/395-MURASHEV_Nurbek_Murpazylzhanovich__Frakciya_Respublika.aspx
17308,MURZABEKOV Kantemir Zulumovich,МУРЗАБЕКОВ Кантемир Зулумович,AtaZHurt,«Ата-Журт»,http://www.kenesh.kg/MyFiles/image/IMG_5839%D0%9C%D1%83%D1%80%D0%B7%D0%B0%D0%B1%D0%B5%D0%BA%D0%BE%D0%B2.JPG,5,http://www.kenesh.kg/RU/Articles/17308-MURZABEKOV_Kantemir_Zulumovich_Frakciya_AtaZHurt.aspx
394,NARMATOVA Nadira Azimovna,НАРМАТОВА Надира Азимовна,AtaZHurt,«Ата-Журт»,http://www.kenesh.kg/MyFiles/image/%D0%9D%D0%B0%D1%80%D0%BC%D0%B0%D1%82%D0%BE%D0%B2%D0%B0%20%D0%9D_%20copy.jpg,5,http://www.kenesh.kg/RU/Articles/394-NARMATOVA_Nadira_Azimovna__Frakciya_AtaZHurt.aspx
379,NIKITENKO Natalya Vladimirovna,НИКИТЕНКО Наталья Владимировна,Ata Meken,«Ата Мекен»,http://www.kenesh.kg/MyFiles/image/%D0%9D%D0%B8%D0%BA%D0%B8%D1%82%D0%B5%D0%BD%D0%BA%D0%BE%20%D1%84%D0%BE%D1%82%D0%BE.JPG,5,http://www.kenesh.kg/RU/Articles/379-NIKITENKO_Natalya_Vladimirovna__Frakciya_Ata_Meken.aspx
20995,NURKULOV Ulanbek Kaldarovich,НУРКУЛОВ Уланбек Калдарович,AtaMeken,"""Ата-Мекен""",http://www.kenesh.kg/MyFiles/image/IMG_0759ag.jpg,5,http://www.kenesh.kg/RU/Articles/20995-NURKULOV_Ulanbek_Kaldarovich_Frakciya_AtaMeken.aspx
367,NYSHANOV Sajdulla Kanbolotovich,НЫШАНОВ Сайдулла Канболотович,AtaMeken,«Ата-Мекен»,http://www.kenesh.kg/MyFiles/image/%D0%9D%D1%8B%D1%88%D0%B0%D0%BD%D0%BE%D0%B2%20%D0%A1_%20%D0%9A_.JPG,5,http://www.kenesh.kg/RU/Articles/367-NYSHANOV_Sajdulla_Kanbolotovich__Frakciya_AtaMeken.aspx
377,OBDUNOV Elmurat Abduvapovich,ОБДУНОВ Элмурат Абдувапович,Respublika,«Республика»,http://www.kenesh.kg/MyFiles/image/%D0%9E%D0%B1%D0%B4%D1%83%D0%BD%D0%BE%D0%B2%20%D0%AD_%20copy.jpg,5,http://www.kenesh.kg/RU/Articles/377-OBDUNOV_Elmurat_Abduvapovich__Frakciya_Respublika.aspx
311,OMURBEKOV Kurmanbek Kasymbekovich,ОМУРБЕКОВ Курманбек Касымбекович – Фракция «Ар,ArNamys,Намыс»,http://www.kenesh.kg/MyFiles/image/%D0%9E%D0%BC%D1%83%D1%80%D0%B1%D0%B5%D0%BA%D0%BE%D0%B2%20%D0%9A_%D0%9A_8274.jpg,5,http://www.kenesh.kg/RU/Articles/311-OMURBEKOV_Kurmanbek_Kasymbekovich__Frakciya_ArNamys.aspx
375,OROZBAEV Mamat,ОРОЗБАЕВ Мамат,SDPK,СДПК,http://www.kenesh.kg/MyFiles/image/%D0%9E%D1%80%D0%BE%D0%B7%D0%B1%D0%B0%D0%B5%D0%B2%20%D0%9C_%20copy.jpg,5,http://www.kenesh.kg/RU/Articles/375-OROZBAEV_Mamat__Frakciya_SDPK.aspx
340,OROZOVA Karamat Babashevna,ОРОЗОВА Карамат Бабашевна,SDPK,СДПК,http://www.kenesh.kg/MyFiles/image/IMG_9420(3).jpg,5,http://www.kenesh.kg/RU/Articles/340-OROZOVA_Karamat_Babashevna__Frakciya_SDPK.aspx
374,OSMONALIEV Kanybek,ОСМОНАЛИЕВ Каныбек,ArNamys,« Ар–Намыс»,http://www.kenesh.kg/MyFiles/image/%D0%9E%D1%81%D0%BC%D0%BE%D0%BD%D0%BE%D0%BD%D0%B0%D0%BB%D0%B8%D0%B5%D0%B2%20%D0%9A_%20%D0%9E_.JPG,5,http://www.kenesh.kg/RU/Articles/374-OSMONALIEV_Kanybek__Frakciya__ArNamys.aspx
373,OSMONOV Kurmanbek Ergeshovich,ОСМОНОВ Курманбек Эргешович,AtaZHurt,«Ата-Журт»,http://www.kenesh.kg/MyFiles/image/%D0%9E%D1%81%D0%BC%D0%BE%D0%BD%D0%BE%D0%B2%20%D0%9A_%20%D0%AD_%20copy.jpg,5,http://www.kenesh.kg/RU/Articles/373-OSMONOV_Kurmanbek_Ergeshovich__Frakciya_AtaZHurt.aspx
372,OSMONOV Malik Kalylovich,ОСМОНОВ Малик Калылович,Respublika,«Республика»,http://www.kenesh.kg/MyFiles/image/%D0%A4%D0%BE%D1%82%D0%BE%20%D1%84%D1%80%D0%B0%D0%BA%D1%86%D0%B8%D1%8F%20%D0%A0%D0%B5%D1%81%D0%BF%D1%83%D0%B1%D0%BB%D0%B8%D0%BA%D0%B0/sait/%D0%BE%D1%81%D0%BC%D0%BE%D0%BD%D0%BE%D0%B2.jpg,5,http://www.kenesh.kg/RU/Articles/372-OSMONOV_Malik_Kalylovich__Frakciya_Respublika.aspx
371,PIRMATOV Isxak Ajtbaevich,ПИРМАТОВ Исхак Айтбаевич,Respublika,«Республика»,http://www.kenesh.kg/MyFiles/image/%D0%A4%D0%BE%D1%82%D0%BE%20%D1%84%D1%80%D0%B0%D0%BA%D1%86%D0%B8%D1%8F%20%D0%A0%D0%B5%D1%81%D0%BF%D1%83%D0%B1%D0%BB%D0%B8%D0%BA%D0%B0/sait/%D0%9F%D0%B8%D1%80%D0%BC%D0%B0%D1%82%D0%BE%D0%B21.JPG,5,http://www.kenesh.kg/RU/Articles/371-PIRMATOV_Isxak_Ajtbaevich__Frakciya_Respublika.aspx
22032,RASULOV Majrambek Alisherovich,РАСУЛОВ Майрамбек Алишерович,ArNamys,"""Ар-Намыс""",http://www.kenesh.kg/MyFiles/image/IMG_8094.JPG,5,http://www.kenesh.kg/RU/Articles/22032-RASULOV_Majrambek_Alisherovich__Frakciya_ArNamys.aspx
370,REZHAVALIEV Abdulatip Mamatasanovich,РЕЖАВАЛИЕВ Абдулатип Маматасанович,Onuguu,"""Өнүгүү""",http://www.kenesh.kg/MyFiles/image/%D0%A0%D0%B5%D0%B6%D0%B0%D0%B2%D0%B0%D0%BB%D0%B8%D0%B5%D0%B2%20%D0%90_%20%D0%9C_.jpg,5,http://www.kenesh.kg/RU/Articles/370-REZHAVALIEV_Abdulatip_Mamatasanovich__deputatskaya_gruppa_Onuguu.aspx
369,RYSPAEV Kozhobek Dzhajchybekovich,РЫСПАЕВ Кожобек Джайчыбекович,ArNamys,«Ар–Намыс»,"",5,http://www.kenesh.kg/RU/Articles/369-RYSPAEV_Kozhobek_Dzhajchybekovich__Frakciya_ArNamys.aspx
368,SABIROV Maksat Esenovich,САБИРОВ Максат Эсенович,Respublika,«Республика»,http://www.kenesh.kg/MyFiles/image/%D0%A4%D0%BE%D1%82%D0%BE%20%D1%84%D1%80%D0%B0%D0%BA%D1%86%D0%B8%D1%8F%20%D0%A0%D0%B5%D1%81%D0%BF%D1%83%D0%B1%D0%BB%D0%B8%D0%BA%D0%B0/sait/C%D0%B0%D0%B1%D0%B8%D1%80%D0%BE%D0%B2.JPG,5,http://www.kenesh.kg/RU/Articles/368-SABIROV_Maksat_Esenovich__Frakciya_Respublika.aspx
366,SADYRBAEVA Gulasal Sadyrbaevna,САДЫРБАЕВА Гуласал Садырбаевна,Ata Meken,«Ата Мекен»,http://www.kenesh.kg/MyFiles/image/%D0%A1%D0%B0%D0%B4%D1%8B%D1%80%D0%B1%D0%B0%D0%B5%D0%B2%D0%B0%20%D0%93_.jpg,5,http://www.kenesh.kg/RU/Articles/366-SADYRBAEVA_Gulasal_Sadyrbaevna__Frakciya_Ata_Meken.aspx
365,SAKEBAEV Erkin Abdyshevich,САКЕБАЕВ Эркин Абдышевич,SDPK,СДПК,http://www.kenesh.kg/MyFiles/image/%D0%A1%D0%B0%D0%BA%D0%B5%D0%B1%D0%B0%D0%B5%D0%B2%20%D0%AD_%20%D0%90_%20copy.jpg,5,http://www.kenesh.kg/RU/Articles/365-SAKEBAEV_Erkin_Abdyshevich__Frakciya_SDPK.aspx
364,SALIMOV Tursuntaj Ablizovich,САЛИМОВ Турсунтай Аблизович,SDPK,СДПК,http://www.kenesh.kg/MyFiles/image/Salimov.jpg,5,http://www.kenesh.kg/RU/Articles/364-SALIMOV_Tursuntaj_Ablizovich__Frakciya_SDPK.aspx
363,SALYMBEKOV Mamytbaj Matkabylovich,САЛЫМБЕКОВ Мамытбай Маткабылович,SDPK,СДПК,http://www.kenesh.kg/MyFiles/image/%D0%A1%D0%B0%D0%BB%D1%8B%D0%BC%D0%B1%D0%B5%D0%BA%D0%BE%D0%B2%20%D0%9C_%20copy.jpg,5,http://www.kenesh.kg/RU/Articles/363-SALYMBEKOV_Mamytbaj_Matkabylovich__Frakciya_SDPK.aspx
362,SAMAKOV Karganbek Sadykovich,САМАКОВ Карганбек Садыкович,Ata Meken,«Ата Мекен»,http://www.kenesh.kg/MyFiles/image/%D0%A1%D0%B0%D0%BC%D0%B0%D0%BA%D0%BE%D0%B2%20%D0%9A_%20%D0%A1_.jpg,5,http://www.kenesh.kg/RU/Articles/362-SAMAKOV_Karganbek_Sadykovich__Frakciya_Ata_Meken.aspx
1119,SAMATOV ZHyrgalbek Alimbaevich,САМАТОВ Жыргалбек Алимбаевич,AtaZHurt,«Ата-Журт»,http://www.kenesh.kg/MyFiles/image/%D0%A1%D0%B0%D0%BC%D0%B0%D1%82%D0%BE%D0%B2%20%D0%96%D1%8B%D1%80%D0%B3%D0%B0%D0%BB%D0%B1%D0%B5%D0%BA%20copy.jpg,5,http://www.kenesh.kg/RU/Articles/1119-SAMATOV_ZHyrgalbek_Alimbaevich__Frakciya_AtaZHurt.aspx
240,SAPARBAEV ZHoomart Raxatovich,САПАРБАЕВ Жоомарт Рахатович,Ata Meken,«Ата Мекен»,http://www.kenesh.kg/MyFiles/image/IMG_2029%D0%B0%D0%B2.jpg,5,http://www.kenesh.kg/RU/Articles/240-SAPARBAEV_ZHoomart_Raxatovich__Frakciya_Ata_Meken.aspx
361,SASYKBAEVA Asiya Ajtbaevna,САСЫКБАЕВА Асия Айтбаевна,Ata Meken,«Ата Мекен»,http://www.kenesh.kg/MyFiles/image/%D0%A1%D0%B0%D1%81%D1%8B%D0%BA%D0%B1%D0%B0%D0%B5%D0%B2%D0%B0%20%D0%90_%20%D0%90_.jpg,5,http://www.kenesh.kg/RU/Articles/361-SASYKBAEVA_Asiya_Ajtbaevna__Frakciya_Ata_Meken.aspx
360,SKRIPKINA Galina Anatolevna,СКРИПКИНА Галина Анатольевна,SDPK,СДПК,http://www.kenesh.kg/MyFiles/image/%D0%A1%D0%BA%D1%80%D0%B8%D0%BF%D0%BA%D0%B8%D0%BD%D0%B0%20%D0%93_%20%D0%9D_.jpg,5,http://www.kenesh.kg/RU/Articles/360-SKRIPKINA_Galina_Anatolevna__Frakciya_SDPK.aspx
307,SULAJMANKULOV Bolot Abykeevich,СУЛАЙМАНКУЛОВ Болот Абыкеевич,Respublika,«Республика»,http://www.kenesh.kg/MyFiles/image/%D0%A1%D1%83%D0%BB%D0%B0%D0%B9%D0%BC%D0%B0%D0%BD%D0%BA%D1%83%D0%BB%D0%BE%D0%B2%20%D0%91%20%D0%A0%D0%B5%D1%81%D0%BF%D1%83%D0%B1%D0%BB%D0%B8%D0%BA%D0%B0%20(2).jpg,5,http://www.kenesh.kg/RU/Articles/307-SULAJMANKULOV_Bolot_Abykeevich__Frakciya_Respublika.aspx
244,SULAJMANOV Altynbek Turdubaevich,СУЛАЙМАНОВ Алтынбек Турдубаевич,Respublika,«Республика»,http://www.kenesh.kg/MyFiles/image/%D0%A4%D0%BE%D1%82%D0%BE%20%D1%84%D1%80%D0%B0%D0%BA%D1%86%D0%B8%D1%8F%20%D0%A0%D0%B5%D1%81%D0%BF%D1%83%D0%B1%D0%BB%D0%B8%D0%BA%D0%B0/sait/12-%D0%B0%D0%BF%D1%80%20%D0%90%20%D0%A1%D1%83%D0%BB%D0%B0%D0%B9%D0%BC%D0%B0%D0%BD%D0%BE%D0%B2%20%D0%BE%D0%BC%D1%83%D1%80%20%D0%B1%D0%B0%D1%8F%D0%BD%D0%B3%D0%B0.jpg,5,http://www.kenesh.kg/RU/Articles/244-SULAJMANOV_Altynbek_Turdubaevich__Frakciya_Respublika.aspx
1120,SULEJMANOV Baxadyr Iskakovich,СУЛЕЙМАНОВ Бахадыр Искакович,AtaZHurt,"""Ата-Журт""",http://www.kenesh.kg/MyFiles/image/5Z4Q0500%20%D0%BA%D0%BE%D0%BF%D0%B8.jpg,5,http://www.kenesh.kg/RU/Articles/1120-SULEJMANOV_Baxadyr_Iskakovich__Frakciya_AtaZHurt.aspx
358,SULTANBEKOVA CHolpon Aalyevna,СУЛТАНБЕКОВА Чолпон Аалыевна,Respublika,«Республика»,http://www.kenesh.kg/MyFiles/image/%D0%A4%D0%BE%D1%82%D0%BE%20%D1%84%D1%80%D0%B0%D0%BA%D1%86%D0%B8%D1%8F%20%D0%A0%D0%B5%D1%81%D0%BF%D1%83%D0%B1%D0%BB%D0%B8%D0%BA%D0%B0/sait/%D0%A1%D1%83%D0%BB%D1%82%D0%B0%D0%BD%D0%B1%D0%B5%D0%BA%D0%BE%D0%B2%D0%B0.JPG,5,http://www.kenesh.kg/RU/Articles/358-SULTANBEKOVA_CHolpon_Aalyevna__Frakciya_Respublika.aspx
357,SULTANOV Akylbek SHakirovich,СУЛТАНОВ Акылбек Шакирович,SDPK,СДПК,http://www.kenesh.kg/MyFiles/image/%D0%A1%D1%83%D0%BB%D1%82%D0%B0%D0%BD%D0%BE%D0%B2%20%20%20%D0%B0%D1%88.jpg,5,http://www.kenesh.kg/RU/Articles/357-SULTANOV_Akylbek_SHakirovich__Frakciya_SDPK.aspx
356,SULTANOV Marat Abdyrazakovich,СУЛТАНОВ Марат Абдыразакович,AtaZHurt,«Ата-Журт»,http://www.kenesh.kg/MyFiles/image/%D0%A1%D1%83%D0%BB%D1%82%D0%B0%D0%BD%D0%BE%D0%B2%20%D0%9C_%20%D0%90_.jpg,5,http://www.kenesh.kg/RU/Articles/356-SULTANOV_Marat_Abdyrazakovich__Frakciya_AtaZHurt.aspx
355,SURAKMATOV Aziz Emilbekovich,СУРАКМАТОВ Азиз Эмильбекович,AtaZHurt,«Ата-Журт»,http://www.kenesh.kg/MyFiles/image/%D0%A1%D1%83%D1%80%D0%B0%D0%BA%D0%BC%D0%B0%D1%82%D0%BE%D0%B2%20%D0%90%20%D0%AD_%20copy.jpg,5,http://www.kenesh.kg/RU/Articles/355-SURAKMATOV_Aziz_Emilbekovich__Frakciya_AtaZHurt.aspx
352,TEKEBAEV Omurbek CHirkeshovich,ТЕКЕБАЕВ Омурбек Чиркешович,Ata Meken,«Ата Мекен»,http://www.kenesh.kg/MyFiles/image/IMG_1170%D0%B0%D0%B2.jpg,5,http://www.kenesh.kg/RU/Articles/352-TEKEBAEV_Omurbek_CHirkeshovich__Frakciya_Ata_Meken.aspx
351,TERBISHALIEV Daniyar Omurzakovich,ТЕРБИШАЛИЕВ Данияр Омурзакович,SDPK,СДПК,http://www.kenesh.kg/MyFiles/image/%D0%A2%D0%B5%D1%80%D0%B1%D0%B8%D1%88%D0%B0%D0%BB%D0%B8%D0%B5%D0%B2%20.jpg,5,http://www.kenesh.kg/RU/Articles/351-TERBISHALIEV_Daniyar_Omurzakovich__Frakciya_SDPK.aspx
11298,TILENCHIEVA Majramkul Bekchoroevna,ТИЛЕНЧИЕВА Майрамкуль Бекчороевна,ArNamys,"""Ар-Намыс""",http://www.kenesh.kg/MyFiles/image/%D0%9C_%D0%A2%D0%B8%D0%BB%D0%B5%D0%BD%D1%87%D0%B8%D0%B5%D0%B2%D0%B0.jpg,5,http://www.kenesh.kg/RU/Articles/11298-TILENCHIEVA_Majramkul_Bekchoroevna__Frakciya_ArNamys.aspx
350,TOLOGONOV Rajkan,ТОЛОГОНОВ Райкан,Ata Meken,«Ата Мекен»,http://www.kenesh.kg/MyFiles/image/%D0%A2%D0%BE%D0%BB%D0%BE%D0%B3%D0%BE%D0%BD%D0%BE%D0%B2%20%D0%A0_.jpg,5,http://www.kenesh.kg/RU/Articles/350-TOLOGONOV_Rajkan__Frakciya_Ata_Meken.aspx
245,TOROBAEV Bakyt Ergeshevich,ТОРОБАЕВ Бакыт Эргешевич,Onuguu,"""Өнүгүү""",http://www.kenesh.kg/MyFiles/image/DSC_7426.JPG,5,http://www.kenesh.kg/RU/Articles/245-TOROBAEV_Bakyt_Ergeshevich__deputatskaya_gruppa_Onuguu.aspx
349,TOROBEKOV Nurlan Nadirovich,ТОРОБЕКОВ Нурлан Надирович,ArNamys,«Ар–Намыс»,http://www.kenesh.kg/MyFiles/image/%D0%B08.jpg,5,http://www.kenesh.kg/RU/Articles/349-TOROBEKOV_Nurlan_Nadirovich__Frakciya_ArNamys.aspx
348,TUMANOV Kubanychbek Tumanovich,ТУМАНОВ Кубанычбек Туманович,ArNamys,«Ар–Намыс»,http://www.kenesh.kg/MyFiles/image/%D0%A2%D1%83%D0%BC%D0%B0%D0%BD%D0%BE%D0%B2%20%D0%9A_%20copy.jpg,5,http://www.kenesh.kg/RU/Articles/348-TUMANOV_Kubanychbek_Tumanovich__Frakciya_ArNamys.aspx
347,TUMANOV Toktogul Tumanovich,ТУМАНОВ Токтогул Туманович,SDPK,СДПК,http://www.kenesh.kg/MyFiles/image/%D0%A2%D1%83%D0%BC%D0%B0%D0%BD%D0%BE%D0%B2%20%D0%A2_%20copy.jpg,5,http://www.kenesh.kg/RU/Articles/347-TUMANOV_Toktogul_Tumanovich__Frakciya_SDPK.aspx
346,TURSUNBEKOV CHynybaj Akunovich,ТУРСУНБЕКОВ Чыныбай Акунович,SDPK,СДПК,http://www.kenesh.kg/MyFiles/image/IMG_1285%D0%B0%D0%B2.jpg,5,http://www.kenesh.kg/RU/Articles/346-TURSUNBEKOV_CHynybaj_Akunovich__Frakciya_SDPK.aspx
344,UZAKBAEV Talantbek Makishovich,УЗАКБАЕВ Талантбек Макишович,ArNamys,«Ар–Намыс»,http://www.kenesh.kg/MyFiles/image/%D0%A3%D0%B7%D0%B0%D0%BA%D0%B1%D0%B0%D0%B5%D0%B2%20%D0%A2_%20%D0%9C_%20copy.jpg,5,http://www.kenesh.kg/RU/Articles/344-UZAKBAEV_Talantbek_Makishovich__Frakciya_ArNamys.aspx
236,CHOLPONBAEV Ulan Saparbekovich,ЧОЛПОНБАЕВ Улан Сапарбекович,AtaZHurt,«Ата-Журт»,http://www.kenesh.kg/MyFiles/image/%D0%A7%D0%BE%D0%BB%D0%BF%D0%BE%D0%BD%D0%B1%D0%B0%D0%B5%D0%B2%20%D0%A3_%20copy.jpg,5,http://www.kenesh.kg/RU/Articles/236-CHOLPONBAEV_Ulan_Saparbekovich__Frakciya_AtaZHurt.aspx
343,SHAJNAZAROV Tynchtyk Urajimovich,ШАЙНАЗАРОВ Тынчтык Урайимович,Onuguu,"""Өнүгүү""",http://www.kenesh.kg/MyFiles/image/%D0%A8%D0%B0%D0%B9%D0%BD%D0%B0%D0%B7%D0%B0%D1%80%D0%BE%D0%B2%20%D0%A2_%20%D0%A3_.jpg,5,http://www.kenesh.kg/RU/Articles/343-SHAJNAZAROV_Tynchtyk_Urajimovich__deputatskaya_gruppa_Onuguu.aspx
17309,SHARSHEEV Bakyt Oktyabrovich,ШАРШЕЕВ Бакыт Октябрович,AtaZHurt,«Ата-Журт»,http://www.kenesh.kg/MyFiles/image/%D0%A8%D0%B0%D1%80%D1%88%D0%B5%D0%B5%D0%B2_%D0%91_.JPG,5,http://www.kenesh.kg/RU/Articles/17309-SHARSHEEV_Bakyt_Oktyabrovich_Frakciya_AtaZHurt.aspx
342,SHER Bolot,ШЕР Болот,Ata Meken,«Ата Мекен»,http://www.kenesh.kg/MyFiles/image/%D0%A8%D0%B5%D1%80%20%D0%91%D0%BE%D0%BB%D0%BE%D1%82.jpg,5,http://www.kenesh.kg/RU/Articles/342-SHER_Bolot__Frakciya_Ata_Meken.aspx
341,SHIN Roman,ШИН Роман,Reforma uchun,"""Реформа үчүн""",http://www.kenesh.kg/MyFiles/image/%D0%A8%D0%B8%D0%BD%20%D0%A0%D0%BE%D0%BC%D0%B0%D0%BD%20copy.jpg,5,http://www.kenesh.kg/RU/Articles/341-SHIN_Roman__deputatskaya_gruppa_Reforma_uchun.aspx
2891,ESHIMOV Akylbek ZHusupovich,ЭШИМОВ Акылбек Жусупович,Respublika,«Республика»,http://www.kenesh.kg/MyFiles/image/%D0%A4%D0%BE%D1%82%D0%BE%20%D1%84%D1%80%D0%B0%D0%BA%D1%86%D0%B8%D1%8F%20%D0%A0%D0%B5%D1%81%D0%BF%D1%83%D0%B1%D0%BB%D0%B8%D0%BA%D0%B0/sait/%D0%AD%D1%88%D0%B8%D0%BC%D0%BE%D0%B2.JPG,5,http://www.kenesh.kg/RU/Articles/2891-ESHIMOV_Akylbek_ZHusupovich__Frakciya_Respublika.aspx
