id,name,party,district,website,email,twitter,party_id,image,identifier__represent,term
30979,Patrick Brown,Conservative,Barrie,http://www.servingbarrie.com,patrick.brown@parl.gc.ca,https://twitter.com/brownbarrie,,,30979,41
35539,Phil McColeman,Conservative,Brant,http://www.philmccolemanmp.ca,phil.mccoleman@parl.gc.ca,https://twitter.com/Phil4Brant,conservative,http://www.parl.gc.ca/Parliamentarians/Images/OfficialMPPhotos/41/McColemanPhil_CPC.jpg,35539,41
1287,Deepak Obhrai,Conservative,Calgary East,http://www.deepakobhrai.com,deepak.obhrai@parl.gc.ca,,conservative,http://www.parl.gc.ca/Parliamentarians/Images/OfficialMPPhotos/41/ObhraiDeepak_CPC.jpg,1287,41
30552,Kevin Lamoureux,Liberal,Winnipeg North,http://www.mpkevin.ca,kevin.lamoureux@parl.gc.ca,https://twitter.com/Kevin_Lamoureux,liberal,http://www.parl.gc.ca/Parliamentarians/Images/OfficialMPPhotos/41/LamoureuxKevin_Lib.jpg,30552,41
71434,Hélène Laverdière,NDP,Laurier—Sainte-Marie,,Helene.Laverdiere@parl.gc.ca,,ndp,http://www.parl.gc.ca/Parliamentarians/Images/OfficialMPPhotos/41/LaverdièreHélène_NDP.jpg,71434,41
35701,Patricia Davidson,Conservative,Sarnia—Lambton,http://www.patdavidson.com,pat.davidson@parl.gc.ca,,conservative,http://www.parl.gc.ca/Parliamentarians/Images/OfficialMPPhotos/41/DavidsonPatricia_CPC.jpg,35701,41
1838,Lynne Yelich,Conservative,Blackstrap,http://www.lynneyelich.ca,lynne.yelich@parl.gc.ca,https://twitter.com/Lynne_Yelich,conservative,http://www.parl.gc.ca/Parliamentarians/Images/OfficialMPPhotos/41/YelichLynne_CPC.jpg,1838,41
35351,François Choquette,NDP,Drummond,,Francois.Choquette@parl.gc.ca,,ndp,http://www.parl.gc.ca/Parliamentarians/Images/OfficialMPPhotos/41/ChoquetteFrancois_NDP.jpg,35351,41
9486,David McGuinty,Liberal,Ottawa South,http://davidmcguinty.ca,david.mcguinty@parl.gc.ca,https://twitter.com/DavidMcGuinty,liberal,http://www.parl.gc.ca/Parliamentarians/Images/OfficialMPPhotos/41/McGuintyDavidJ_Lib.jpg,9486,41
71350,Anne Minh-Thu Quach,NDP,Beauharnois—Salaberry,,AnneMinh-Thu.Quach@parl.gc.ca,,ndp,http://www.parl.gc.ca/Parliamentarians/Images/OfficialMPPhotos/41/QuachAnneMinhThu_NDP.jpg,71350,41
25516,Guy Lauzon,Conservative,Stormont—Dundas—South Glengarry,http://www.guylauzon.ca,guy.lauzon@parl.gc.ca,,conservative,http://www.parl.gc.ca/Parliamentarians/Images/OfficialMPPhotos/41/LauzonGuy_CPC.jpg,25516,41
71407,Tyrone Benskin,NDP,Jeanne-Le Ber,,Tyrone.Benskin@parl.gc.ca,,ndp,http://www.parl.gc.ca/Parliamentarians/Images/OfficialMPPhotos/41/BenskinTyrone_NDP.jpg,71407,41
71395,Marjolaine Boutin-Sweet,NDP,Hochelaga,,Marjolaine.Boutin-Sweet@parl.gc.ca,,ndp,http://www.parl.gc.ca/Parliamentarians/Images/OfficialMPPhotos/41/BoutinSweetMarjolaine_NDP.jpg,71395,41
25448,Joe Preston,Conservative,Elgin—Middlesex—London,http://www.joeprestonmp.ca,joe.preston@parl.gc.ca,,conservative,http://www.parl.gc.ca/Parliamentarians/Images/OfficialMPPhotos/41/PrestonJoe_CPC.jpg,25448,41
9137,Brian Masse,NDP,Windsor West,http://www.brianmasse.ca,brian.masse@parl.gc.ca,,ndp,http://www.parl.gc.ca/Parliamentarians/Images/OfficialMPPhotos/41/MasseBrian_NDP.jpg,9137,41
58661,Francine Raynault,NDP,Joliette,,Francine.Raynault@parl.gc.ca,,ndp,http://www.parl.gc.ca/Parliamentarians/Images/OfficialMPPhotos/41/RaynaultFrancine_NDP.jpg,58661,41
59287,Andrew Saxton,Conservative,North Vancouver,http://www.andrewsaxton.ca,andrew.saxton@parl.gc.ca,,conservative,http://www.parl.gc.ca/Parliamentarians/Images/OfficialMPPhotos/41/SaxtonAndrew_CPC.jpg,59287,41
35767,Parm Gill,Conservative,Brampton—Springdale,http://www.parmgill.ca,Parm.Gill@parl.gc.ca,,conservative,http://www.parl.gc.ca/Parliamentarians/Images/OfficialMPPhotos/41/GillParm_CPC.jpg,35767,41
25513,Ed Komarnicki,Conservative,Souris—Moose Mountain,http://www.edkom.ca,ed.komarnicki@parl.gc.ca,,conservative,http://www.parl.gc.ca/Parliamentarians/Images/OfficialMPPhotos/41/KomarnickiEd_CPC.jpg,25513,41
71902,Michelle Rempel,Conservative,Calgary Centre-North,http://www.michellerempel.ca,Michelle.Rempel@parl.gc.ca,,conservative,http://www.parl.gc.ca/Parliamentarians/Images/OfficialMPPhotos/41/RempelMichelle_CPC.jpg,71902,41
35396,Raymond Côté,NDP,Beauport—Limoilou,,Raymond.Cote@parl.gc.ca,,ndp,http://www.parl.gc.ca/Parliamentarians/Images/OfficialMPPhotos/41/CôtéRaymond_NDP.jpg,35396,41
1733,Stephen Harper,Conservative,Calgary Southwest,http://www.pm.gc.ca,stephen.harper@parl.gc.ca,,conservative,http://www.parl.gc.ca/Parliamentarians/Images/OfficialMPPhotos/41/HarperStephen_CPC.jpg,1733,41
71357,Ruth Ellen Brosseau,NDP,Berthier—Maskinongé,,RuthEllen.Brosseau@parl.gc.ca,,ndp,http://www.parl.gc.ca/Parliamentarians/Images/OfficialMPPhotos/41/BrosseauRuthEllen_NDP.jpg,71357,41
58626,Anne-Marie Day,NDP,Charlesbourg—Haute-Saint-Charles,,Anne-Marie.Day@parl.gc.ca,,ndp,http://www.parl.gc.ca/Parliamentarians/Images/OfficialMPPhotos/41/DayAnneMarie_NDP.jpg,58626,41
1814,James Lunney,Independent,Nanaimo—Alberni,http://www.jameslunneymp.ca,james.lunney@parl.gc.ca,,independent,http://www.parl.gc.ca/Parliamentarians/Images/OfficialMPPhotos/41/LunneyJamesD_CPC.jpg,1814,41
30645,Tim Uppal,Conservative,Edmonton—Sherwood Park,http://www.timuppal.ca,tim.uppal@parl.gc.ca,https://twitter.com/TimUppal,conservative,http://www.parl.gc.ca/Parliamentarians/Images/OfficialMPPhotos/41/UppalTim_CPC.jpg,30645,41
71490,Lysane Blanchette-Lamothe,NDP,Pierrefonds—Dollard,,Lysane.Blanchette-Lamothe@parl.gc.ca,,ndp,http://www.parl.gc.ca/Parliamentarians/Images/OfficialMPPhotos/41/BlanchetteLamotheLysane_NDP.jpg,71490,41
58775,Alexandre Boulerice,NDP,Rosemont—La Petite-Patrie,,Alexandre.Boulerice@parl.gc.ca,https://twitter.com/alexboulerice,ndp,http://www.parl.gc.ca/Parliamentarians/Images/OfficialMPPhotos/41/BoulericeAlexandre_NPD.jpg,58775,41
71824,Mark Adler,Conservative,York Centre,http://www.markadler.ca,Mark.Adler@parl.gc.ca,,conservative,http://www.parl.gc.ca/Parliamentarians/Images/OfficialMPPhotos/41/AdlerMark_CPC.jpg,71824,41
59235,Blake Richards,Conservative,Wild Rose,http://www.blakerichards.ca,blake.richards@parl.gc.ca,https://twitter.com/BlakeRichardsMP,conservative,http://www.parl.gc.ca/Parliamentarians/Images/OfficialMPPhotos/41/RichardsBlake_CPC.jpg,59235,41
683,Chris Charlton,NDP,Hamilton Mountain,http://www.chrischarlton.ca,chris.charlton@parl.gc.ca,,ndp,http://www.parl.gc.ca/Parliamentarians/Images/OfficialMPPhotos/41/CharltonChris_NDP.jpg,683,41
1803,Joe Comartin,NDP,Windsor—Tecumseh,http://www.joecomartin.ca,joe.comartin@parl.gc.ca,,ndp,http://www.parl.gc.ca/Parliamentarians/Images/OfficialMPPhotos/41/ComartinJoe_NDP.jpg,1803,41
1209,Gerry Ritz,Conservative,Battlefords—Lloydminster,http://www.gerryritz.ca,gerry.ritz@parl.gc.ca,,conservative,http://www.parl.gc.ca/Parliamentarians/Images/OfficialMPPhotos/41/RitzGerry_CPC.jpg,1209,41
9135,Massimo Pacetti,Independent,Saint-Léonard—Saint-Michel,,massimo.pacetti@parl.gc.ca,,independent,http://www.parl.gc.ca/Parliamentarians/Images/OfficialMPPhotos/41/PacettiMassimo_Lib.jpg,9135,41
59203,Brent Rathgeber,Independent,Edmonton—St. Albert,http://www.brentrathgeber.ca,brent.rathgeber@parl.gc.ca,,independent,http://www.parl.gc.ca/Parliamentarians/Images/OfficialMPPhotos/41/RathgeberBrent_CPC.jpg,59203,41
1262,Maurice Vellacott,Conservative,Saskatoon—Wanuskewin,http://www.mauricevellacott.ca,maurice.vellacott@parl.gc.ca,,conservative,http://www.parl.gc.ca/Parliamentarians/Images/OfficialMPPhotos/41/VellacottMaurice_CPC.jpg,1262,41
25453,Francis Scarpaleggia,Liberal,Lac-Saint-Louis,,francis.scarpaleggia@parl.gc.ca,https://twitter.com/ScarpaleggiaLSL,liberal,http://www.parl.gc.ca/Parliamentarians/Images/OfficialMPPhotos/41/ScarpaleggiaFrancis_Lib.jpg,25453,41
46003,Leona Aglukkaq,Conservative,Nunavut,http://www.leonaaglukkaq.ca,leona.aglukkaq@parl.gc.ca,,conservative,http://www.parl.gc.ca/Parliamentarians/Images/OfficialMPPhotos/41/AglukkaqLeona_CPC.jpg,46003,41
71499,Annick Papillon,NDP,Québec,,Annick.Papillon@parl.gc.ca,,ndp,http://www.parl.gc.ca/Parliamentarians/Images/OfficialMPPhotos/41/PapillonAnnick_NDP.jpg,71499,41
15975,Tony Clement,Conservative,Parry Sound—Muskoka,http://www.tonyclement.ca,tony.clement@parl.gc.ca,https://twitter.com/TonyclementCPC,conservative,http://www.parl.gc.ca/Parliamentarians/Images/OfficialMPPhotos/41/ClementTony_CPC.jpg,15975,41
1302,Jason Kenney,Conservative,Calgary Southeast,http://www.jasonkenney.ca,jason.kenney@parl.gc.ca,,conservative,http://www.parl.gc.ca/Parliamentarians/Images/OfficialMPPhotos/41/KenneyJason_CPC.jpg,1302,41
71986,Mark Strahl,Conservative,Chilliwack—Fraser Canyon,http://www.markstrahl.com,Mark.Strahl@parl.gc.ca,,conservative,http://www.parl.gc.ca/Parliamentarians/Images/OfficialMPPhotos/41/StrahlMark_CPC.jpg,71986,41
71627,Bernard Trottier,Conservative,Etobicoke—Lakeshore,http://www.bernardtrottiermp.ca,Bernard.Trottier@parl.gc.ca,https://twitter.com/btrottier,conservative,http://www.parl.gc.ca/Parliamentarians/Images/OfficialMPPhotos/41/TrottierBernard_CPC.jpg,71627,41
69482,Julian Fantino,Conservative,Vaughan,http://www.julianfantino.ca,julian.fantino@parl.gc.ca,,conservative,http://www.parl.gc.ca/Parliamentarians/Images/OfficialMPPhotos/41/FantinoJulian_CPC.jpg,69482,41
72006,David Wilks,Conservative,Kootenay—Columbia,http://www.david-wilks.ca,David.Wilks@parl.gc.ca,https://twitter.com/DavidJohnWilks,conservative,http://www.parl.gc.ca/Parliamentarians/Images/OfficialMPPhotos/41/WilksDavid_CPC.jpg,72006,41
31508,Maria Mourani,Independent,Ahuntsic,,maria.mourani@parl.gc.ca,,independent,http://www.parl.gc.ca/Parliamentarians/Images/OfficialMPPhotos/41/MouraniMaria_BQ.jpg,31508,41
58620,Hoang Mai,NDP,Brossard—La Prairie,,Hoang.Mai@parl.gc.ca,,ndp,http://www.parl.gc.ca/Parliamentarians/Images/OfficialMPPhotos/41/MaiHoang_NDP.jpg,58620,41
77515,Joan Crockatt,Conservative,Calgary Centre,http://joancrockatt.ca,Joan.Crockatt@parl.gc.ca,,conservative,http://www.parl.gc.ca/Parliamentarians/Images/OfficialMPPhotos/41/CrockattJoan_CPC.jpg,77515,41
58922,Peter Braid,Conservative,Kitchener—Waterloo,http://peterbraid.ca,peter.braid@parl.gc.ca,,conservative,http://www.parl.gc.ca/Parliamentarians/Images/OfficialMPPhotos/41/BraidPeter_CPC.jpg,58922,41
71576,Chris Alexander,Conservative,Ajax—Pickering,http://www.chrisalexandermp.ca,Chris.Alexander@parl.gc.ca,,conservative,http://www.parl.gc.ca/Parliamentarians/Images/OfficialMPPhotos/41/AlexanderChris_CPC.jpg,71576,41
86260,David Yurdiga,Conservative,Fort McMurray—Athabasca,http://www.davidyurdiga.ca,David.Yurdiga@parl.gc.ca,,conservative,http://www.parl.gc.ca/Parliamentarians/Images/OfficialMPPhotos/41/YurdigaDavid_CPC.jpg,86260,41
25523,Gordon O'Connor,Conservative,Carleton—Mississippi Mills,http://www.gordonoconnor.ca,gordon.oconnor@parl.gc.ca,,conservative,http://www.parl.gc.ca/Parliamentarians/Images/OfficialMPPhotos/41/OConnorGordon_CPC.jpg,25523,41
25475,James Bezan,Conservative,Selkirk—Interlake,http://www.jamesbezan.com,james.bezan@parl.gc.ca,https://twitter.com/jamesbezan,conservative,http://www.parl.gc.ca/Parliamentarians/Images/OfficialMPPhotos/41/BezanJames_CPC.jpg,25475,41
58733,Justin Trudeau,Liberal,Papineau,,justin.trudeau@parl.gc.ca,https://twitter.com/JustinTrudeau,liberal,http://www.parl.gc.ca/Parliamentarians/Images/OfficialMPPhotos/41/TrudeauJustin_Lib.jpg,58733,41
36037,Niki Ashton,NDP,Churchill,http://www.nikiashton.ndp.ca,niki.ashton@parl.gc.ca,,ndp,http://www.parl.gc.ca/Parliamentarians/Images/OfficialMPPhotos/41/AshtonNiki_NDP.jpg,36037,41
58705,Alexandrine Latendresse,NDP,Louis-Saint-Laurent,,Alexandrine.Latendresse@parl.gc.ca,,ndp,http://www.parl.gc.ca/Parliamentarians/Images/OfficialMPPhotos/41/LatendresseAlexandrine_NDP.jpg,58705,41
84660,Emmanuel Dubourg,Liberal,Bourassa,,Emmanuel.Dubourg@parl.gc.ca,https://twitter.com/EmmanuelDubourg,liberal,http://www.parl.gc.ca/Parliamentarians/Images/OfficialMPPhotos/41/DubourgEmmanuel_Lib.jpg,84660,41
71688,Eve Adams,Liberal,Mississauga—Brampton South,http://eveadams.ca,Eve.Adams@parl.gc.ca,,liberal,http://www.parl.gc.ca/Parliamentarians/Images/OfficialMPPhotos/41/AdamsEve_CPC.jpg,71688,41
30982,Rod Bruinooge,Conservative,Winnipeg South,http://www.bruinooge.ca,rod.bruinooge@parl.gc.ca,,conservative,http://www.parl.gc.ca/Parliamentarians/Images/OfficialMPPhotos/41/BruinoogeRod_CPC.jpg,30982,41
820,Rob Nicholson,Conservative,Niagara Falls,http://www.robnicholson.ca,rob.nicholson@parl.gc.ca,,conservative,http://www.parl.gc.ca/Parliamentarians/Images/OfficialMPPhotos/41/NicholsonRob_CPC.jpg,820,41
58919,Stephen Woodworth,Conservative,Kitchener Centre,http://www.stephenwoodworth.ca,stephen.woodworth@parl.gc.ca,https://twitter.com/WoodworthMP,conservative,http://www.parl.gc.ca/Parliamentarians/Images/OfficialMPPhotos/41/WoodworthStephen_CPC.jpg,58919,41
31295,Bruce Hyer,Green Party,Thunder Bay—Superior North,http://www.brucehyer.ca,bruce.hyer@parl.gc.ca,,green_party,http://www.parl.gc.ca/Parliamentarians/Images/OfficialMPPhotos/41/HyerBruce_NDP.jpg,31295,41
55139,Rob Clarke,Conservative,Desnethé—Missinippi—Churchill River,http://www.robclarkemp.ca,rob.clarke@parl.gc.ca,https://twitter.com/RobClarkeMP,conservative,http://www.parl.gc.ca/Parliamentarians/Images/OfficialMPPhotos/41/ClarkeRob_CPC.jpg,55139,41
59087,Mike Sullivan,NDP,York South—Weston,http://www.mikesullivan.ca,Mike.Sullivan@parl.gc.ca,,ndp,http://www.parl.gc.ca/Parliamentarians/Images/OfficialMPPhotos/41/SullivanMike_NDP.jpg,59087,41
31701,Kennedy Stewart,NDP,Burnaby—Douglas,http://www.kennedystewart.ndp.ca,Kennedy.Stewart@parl.gc.ca,https://twitter.com/kennedystewart,ndp,http://www.parl.gc.ca/Parliamentarians/Images/OfficialMPPhotos/41/StewartKennedy_NDP.jpg,31701,41
59346,Scott Andrews,Independent,Avalon,http://www.scottandrews.ca,scott.andrews@parl.gc.ca,,independent,http://www.parl.gc.ca/Parliamentarians/Images/OfficialMPPhotos/41/AndrewsScott_Lib.jpg,59346,41
1804,Rodger Cuzner,Liberal,Cape Breton—Canso,http://rodgercuzner.liberal.ca,rodger.cuzner@parl.gc.ca,https://twitter.com/RodgerCuzner,liberal,http://www.parl.gc.ca/Parliamentarians/Images/OfficialMPPhotos/41/CuznerRodger_Lib.jpg,1804,41
30418,Paul Calandra,Conservative,Oak Ridges—Markham,http://www.paulcalandra.com,paul.calandra@parl.gc.ca,https://twitter.com/PaulCalandra,conservative,http://www.parl.gc.ca/Parliamentarians/Images/OfficialMPPhotos/41/CalandraPaul_CPC.jpg,30418,41
35724,Bruce Stanton,Conservative,Simcoe North,,bruce.stanton@parl.gc.ca,,conservative,http://www.parl.gc.ca/Parliamentarians/Images/OfficialMPPhotos/41/StantonRonaldBruce_CPC.jpg,35724,41
72035,Bob Zimmer,Conservative,Prince George—Peace River,http://www.bobzimmer.ca,Bob.Zimmer@parl.gc.ca,https://twitter.com/bobzimmermp,conservative,http://www.parl.gc.ca/Parliamentarians/Images/OfficialMPPhotos/41/ZimmerBob_CPC.jpg,72035,41
59115,Shelly Glover,Conservative,Saint Boniface,http://www.shellyglover.ca,shelly.glover@parl.gc.ca,,conservative,http://www.parl.gc.ca/Parliamentarians/Images/OfficialMPPhotos/41/GloverShelly_CPC.jpg,59115,41
71285,Robert Chisholm,NDP,Dartmouth—Cole Harbour,http://www.robertchisholm.ca,Robert.Chisholm@parl.gc.ca,,ndp,http://www.parl.gc.ca/Parliamentarians/Images/OfficialMPPhotos/41/ChisholmRobert_NDP.jpg,71285,41
71380,Dany Morin,NDP,Chicoutimi—Le Fjord,,Dany.Morin@parl.gc.ca,,ndp,http://www.parl.gc.ca/Parliamentarians/Images/OfficialMPPhotos/41/MorinDany_NDP.jpg,71380,41
71680,Susan Truppe,Conservative,London North Centre,http://www.susantruppemp.ca,Susan.Truppe@parl.gc.ca,,conservative,http://www.parl.gc.ca/Parliamentarians/Images/OfficialMPPhotos/41/TruppeSusan_CPC.jpg,71680,41
58939,Ed Holder,Conservative,London West,http://www.edholdermp.ca,ed.holder@parl.gc.ca,,conservative,http://www.parl.gc.ca/Parliamentarians/Images/OfficialMPPhotos/41/HolderEd_CPC.jpg,58939,41
1365,Leon Benoit,Conservative,Vegreville—Wainwright,http://www.leonbenoit.ca,leon.benoit@parl.gc.ca,,conservative,http://www.parl.gc.ca/Parliamentarians/Images/OfficialMPPhotos/41/BenoitLeonEarl_CPC.jpg,1365,41
71625,Ted Opitz,Conservative,Etobicoke Centre,http://www.tedopitz.ca,Ted.Opitz@parl.gc.ca,,conservative,http://www.parl.gc.ca/Parliamentarians/Images/OfficialMPPhotos/41/OpitzTed_CPC.jpg,71625,41
71861,Joyce Bateman,Conservative,Winnipeg South Centre,http://www.joycebateman.ca,Joyce.Bateman@parl.gc.ca,,conservative,http://www.parl.gc.ca/Parliamentarians/Images/OfficialMPPhotos/41/BatemanJoyce_CPC.jpg,71861,41
71755,Corneliu Chisu,Conservative,Pickering—Scarborough East,http://www.corneliuchisu.ca,Corneliu.Chisu@parl.gc.ca,,conservative,http://www.parl.gc.ca/Parliamentarians/Images/OfficialMPPhotos/41/ChisuCorneliu_CPC.jpg,71755,41
3633,Jack Harris,NDP,St. John's East,http://www.jackharris.ca,jack.harris@parl.gc.ca,,ndp,http://www.parl.gc.ca/Parliamentarians/Images/OfficialMPPhotos/41/HarrisJack_NDP.jpg,3633,41
30314,Brad Butt,Conservative,Mississauga—Streetsville,http://www.bradbuttmp.ca,Brad.Butt@parl.gc.ca,,conservative,http://www.parl.gc.ca/Parliamentarians/Images/OfficialMPPhotos/41/ButtBrad_CPC.jpg,30314,41
30428,Dan Harris,NDP,Scarborough Southwest,http://danharris.ndp.ca,Dan.Harris@parl.gc.ca,,ndp,http://www.parl.gc.ca/Parliamentarians/Images/OfficialMPPhotos/41/HarrisDan_NDP.jpg,30428,41
35998,John Weston,Conservative,West Vancouver—Sunshine Coast—Sea to Sky Country,http://www.johnweston.ca,john.weston@parl.gc.ca,,conservative,http://www.parl.gc.ca/Parliamentarians/Images/OfficialMPPhotos/41/WestonJohn_CPC.jpg,35998,41
71560,Robert Aubin,NDP,Trois-Rivières,,Robert.Aubin@parl.gc.ca,,ndp,http://www.parl.gc.ca/Parliamentarians/Images/OfficialMPPhotos/41/AubinRobert_NDP.jpg,71560,41
20878,Kerry-Lynne D. Findlay,Conservative,Delta—Richmond East,http://www.kerrylynnefindlaymp.ca,Kerry-Lynne.Findlay@parl.gc.ca,,conservative,http://www.parl.gc.ca/Parliamentarians/Images/OfficialMPPhotos/41/FindlayKerryLynneD_CPC.jpg,20878,41
63577,Scott Armstrong,Conservative,Cumberland—Colchester—Musquodoboit Valley,http://www.scottarmstrongmp.ca,scott.armstrong@parl.gc.ca,,conservative,http://www.parl.gc.ca/Parliamentarians/Images/OfficialMPPhotos/41/ArmstrongScott_CPC.jpg,63577,41
30467,John Rafferty,NDP,Thunder Bay—Rainy River,http://www.johnrafferty.ndp.ca,john.rafferty@parl.gc.ca,,ndp,http://www.parl.gc.ca/Parliamentarians/Images/OfficialMPPhotos/41/RaffertyJohn_NDP.jpg,30467,41
913,Gary Schellenberger,Conservative,Perth—Wellington,http://schellenberger.ca,gary.schellenberger@parl.gc.ca,,conservative,http://www.parl.gc.ca/Parliamentarians/Images/OfficialMPPhotos/41/SchellenbergerGary_CPC.jpg,913,41
1268,Garry Breitkreuz,Conservative,Yorkton—Melville,http://www.garrybreitkreuz.com,garry.breitkreuz@parl.gc.ca,,conservative,http://www.parl.gc.ca/Parliamentarians/Images/OfficialMPPhotos/41/BreitkreuzGarryW_CPC.jpg,1268,41
25446,Dean Allison,Conservative,Niagara West—Glanbrook,http://www.deanallison.ca,dean.allison@parl.gc.ca,,conservative,http://www.parl.gc.ca/Parliamentarians/Images/OfficialMPPhotos/41/AllisonDean_CPC.jpg,25446,41
84665,Chrystia Freeland,Liberal,Toronto Centre,,Chrystia.Freeland@parl.gc.ca,https://twitter.com/cafreeland,liberal,,84665,41
71401,Nycole Turmel,NDP,Hull—Aylmer,,Nycole.Turmel@parl.gc.ca,,ndp,http://www.parl.gc.ca/Parliamentarians/Images/OfficialMPPhotos/41/TurmelNycole_NDP.jpg,71401,41
992,Carolyn Bennett,Liberal,St. Paul's,http://www.carolynbennett.ca,carolyn.bennett@parl.gc.ca,https://twitter.com/Carolyn_Bennett,liberal,http://www.parl.gc.ca/Parliamentarians/Images/OfficialMPPhotos/41/BennettCarolyn_Lib.jpg,992,41
71693,Wladyslaw Lizon,Conservative,Mississauga East—Cooksville,http://wladyslawlizon.ca,Wladyslaw.Lizon@parl.gc.ca,,conservative,http://www.parl.gc.ca/Parliamentarians/Images/OfficialMPPhotos/41/LizonWladyslaw_CPC.jpg,71693,41
54325,Lisa Raitt,Conservative,Halton,http://lisaraittmp.ca,lisa.raitt@parl.gc.ca,,conservative,http://www.parl.gc.ca/Parliamentarians/Images/OfficialMPPhotos/41/RaittLisa_CPC.jpg,54325,41
59325,Don Davies,NDP,Vancouver Kingsway,http://www.dondavies.ca,don.davies@parl.gc.ca,,ndp,http://www.parl.gc.ca/Parliamentarians/Images/OfficialMPPhotos/41/DaviesDon_NDP.jpg,59325,41
59110,Candice Bergen,Conservative,Portage—Lisgar,http://www.candicebergen.ca,candice.bergen@parl.gc.ca,,conservative,http://www.parl.gc.ca/Parliamentarians/Images/OfficialMPPhotos/41/HoeppnerCandice_CPC.jpg,59110,41
72018,Jinny Jogindera Sims,NDP,Newton—North Delta,http://www.jinnysims.ndp.ca,Jinny.Sims@parl.gc.ca,,ndp,http://www.parl.gc.ca/Parliamentarians/Images/OfficialMPPhotos/41/SimsJinny_NDP.jpg,72018,41
25474,André Bellavance,Independent,Richmond—Arthabaska,,andre.bellavance@parl.gc.ca,,independent,http://www.parl.gc.ca/Parliamentarians/Images/OfficialMPPhotos/41/BellavanceAndré_BQ.jpg,25474,41
75006,Craig Scott,NDP,Toronto—Danforth,http://craigscott.ndp.ca,craig.scott@parl.gc.ca,,ndp,http://www.parl.gc.ca/Parliamentarians/Images/OfficialMPPhotos/41/ScottCraig_NPD.jpg,75006,41
58581,Tilly O'Neill Gordon,Conservative,Miramichi,http://www.tillygordon.ca,tilly.oneillgordon@parl.gc.ca,,conservative,http://www.parl.gc.ca/Parliamentarians/Images/OfficialMPPhotos/41/ONeillGordonTilly_CPC.jpg,58581,41
71362,Pierre Jacob,NDP,Brome—Missisquoi,,Pierre.Jacob@parl.gc.ca,,ndp,http://www.parl.gc.ca/Parliamentarians/Images/OfficialMPPhotos/41/JacobPierre_NDP.jpg,71362,41
35857,Mike Lake,Conservative,Edmonton—Mill Woods—Beaumont,http://www.mikelake.ca,mike.lake@parl.gc.ca,,conservative,http://www.parl.gc.ca/Parliamentarians/Images/OfficialMPPhotos/41/LakeMike_CPC.jpg,35857,41
35707,Roxanne James,Conservative,Scarborough Centre,http://www.roxannejames.ca,Roxanne.James@parl.gc.ca,,conservative,http://www.parl.gc.ca/Parliamentarians/Images/OfficialMPPhotos/41/JamesRoxanne_CPC.jpg,35707,41
873,Mauril Bélanger,Liberal,Ottawa—Vanier,,mauril.belanger@parl.gc.ca,,liberal,http://www.parl.gc.ca/Parliamentarians/Images/OfficialMPPhotos/41/BélangerMauril_Lib.jpg,873,41
71413,Claude Patry,Bloc Québécois,Jonquière—Alma,,Claude.Patry@parl.gc.ca,,bloc_québécois,http://www.parl.gc.ca/Parliamentarians/Images/OfficialMPPhotos/41/PatryClaude_NDP.jpg,71413,41
35904,Ed Fast,Conservative,Abbotsford,http://www.edfast.ca,ed.fast@parl.gc.ca,,conservative,http://www.parl.gc.ca/Parliamentarians/Images/OfficialMPPhotos/41/FastEdward_CPC.jpg,35904,41
1525,Richard Harris,Conservative,Cariboo—Prince George,http://www.dickharris.ca,richard.harris@parl.gc.ca,,conservative,http://www.parl.gc.ca/Parliamentarians/Images/OfficialMPPhotos/41/HarrisRichardM_CPC.jpg,1525,41
1265,Ralph Goodale,Liberal,Wascana,http://www.ralphgoodale.ca,ralph.goodale@parl.gc.ca,https://twitter.com/RalphGoodale,liberal,http://www.parl.gc.ca/Parliamentarians/Images/OfficialMPPhotos/41/GoodaleRalphEdward_Lib.jpg,1265,41
59156,Kelly Block,Conservative,Saskatoon—Rosetown—Biggar,http://www.kellyblockmp.ca,kelly.block@parl.gc.ca,,conservative,http://www.parl.gc.ca/Parliamentarians/Images/OfficialMPPhotos/41/BlockKelly_CPC.jpg,59156,41
43,Wayne Easter,Liberal,Malpeque,http://www.wayneeaster.com,wayne.easter@parl.gc.ca,https://twitter.com/WayneEaster,liberal,http://www.parl.gc.ca/Parliamentarians/Images/OfficialMPPhotos/41/EasterArnoldWayne_Lib.jpg,43,41
35274,Greg Kerr,Conservative,West Nova,http://www.gregkerrmp.ca,greg.kerr@parl.gc.ca,https://twitter.com/MPGregKerr,conservative,http://www.parl.gc.ca/Parliamentarians/Images/OfficialMPPhotos/41/KerrGreg_CPC.jpg,35274,41
25511,Randy Kamp,Conservative,Pitt Meadows—Maple Ridge—Mission,http://www.randykamp.com,randy.kamp@parl.gc.ca,,conservative,http://www.parl.gc.ca/Parliamentarians/Images/OfficialMPPhotos/41/KampRandy_CPC.jpg,25511,41
71447,Pierre Nantel,NDP,Longueuil—Pierre-Boucher,,Pierre.Nantel@parl.gc.ca,,ndp,http://www.parl.gc.ca/Parliamentarians/Images/OfficialMPPhotos/41/NantelPierre_NDP.jpg,71447,41
23915,Guy Caron,NDP,Rimouski-Neigette—Témiscouata—Les Basques,,Guy.Caron@parl.gc.ca,,ndp,http://www.parl.gc.ca/Parliamentarians/Images/OfficialMPPhotos/41/CaronGuy_NDP.jpg,23915,41
71458,Jonathan Genest-Jourdain,NDP,Manicouagan,,Jonathan.Genest-Jourdain@parl.gc.ca,https://twitter.com/GenestJourdain,ndp,http://www.parl.gc.ca/Parliamentarians/Images/OfficialMPPhotos/41/GenestJourdainJonathan_NDP.jpg,71458,41
1099,Jeff Watson,Conservative,Essex,http://www.jeffwatsonmp.ca,jeff.watson@parl.gc.ca,,conservative,http://www.parl.gc.ca/Parliamentarians/Images/OfficialMPPhotos/41/WatsonJeff_CPC.jpg,1099,41
71522,Pierre Dionne Labelle,NDP,Rivière-du-Nord,,Pierre.DionneLabelle@parl.gc.ca,,ndp,http://www.parl.gc.ca/Parliamentarians/Images/OfficialMPPhotos/41/DionneLabellePierre_NDP.jpg,71522,41
25461,David Tilson,Conservative,Dufferin—Caledon,http://www.davidtilson.ca,david.tilson@parl.gc.ca,,conservative,http://www.parl.gc.ca/Parliamentarians/Images/OfficialMPPhotos/41/TilsonDavidAllan_CPC.jpg,25461,41
23897,Russ Hiebert,Conservative,South Surrey—White Rock—Cloverdale,http://www.russhiebert.ca,russ.hiebert@parl.gc.ca,,conservative,http://www.parl.gc.ca/Parliamentarians/Images/OfficialMPPhotos/41/HiebertRuss_CPC.jpg,23897,41
71780,Rathika Sitsabaiesan,NDP,Scarborough—Rouge River,http://rathikasitsabaiesan.ndp.ca,Rathika.Sitsabaiesan@parl.gc.ca,,ndp,http://www.parl.gc.ca/Parliamentarians/Images/OfficialMPPhotos/41/SitsabaiesanRathika_NDP.jpg,71780,41
71772,Bryan Hayes,Conservative,Sault Ste. Marie,http://www.bryanhayes.ca,Bryan.Hayes@parl.gc.ca,,conservative,http://www.parl.gc.ca/Parliamentarians/Images/OfficialMPPhotos/41/HayesBryan_CPC.jpg,71772,41
35699,Peter Kent,Conservative,Thornhill,http://www.peterkent.ca,peter.kent@parl.gc.ca,,conservative,http://www.parl.gc.ca/Parliamentarians/Images/OfficialMPPhotos/41/KentPeter_CPC.jpg,35699,41
3242,Peggy Nash,NDP,Parkdale—High Park,http://peggynash.ndp.ca,Peggy.Nash@parl.gc.ca,,ndp,http://www.parl.gc.ca/Parliamentarians/Images/OfficialMPPhotos/41/NashPeggy_NDP.jpg,3242,41
59217,LaVar Payne,Conservative,Medicine Hat,http://www.lavarpayne.ca,lavar.payne@parl.gc.ca,https://twitter.com/LaVarMP,conservative,http://www.parl.gc.ca/Parliamentarians/Images/OfficialMPPhotos/41/PayneLaVar_CPC.jpg,59217,41
59148,Randy Hoback,Conservative,Prince Albert,http://www.mprandyhoback.ca,randy.hoback@parl.gc.ca,https://twitter.com/MPRandyHoback,conservative,http://www.parl.gc.ca/Parliamentarians/Images/OfficialMPPhotos/41/HobackRandy_CPC.jpg,59148,41
71717,Jay Aspin,Conservative,Nipissing—Timiskaming,http://www.jayaspin.ca,Jay.Aspin@parl.gc.ca,,conservative,http://www.parl.gc.ca/Parliamentarians/Images/OfficialMPPhotos/41/AspinJay_CPC.jpg,71717,41
7251,Larry Maguire,Conservative,Brandon—Souris,http://www.larrymaguire.ca,Larry.Maguire@parl.gc.ca,https://twitter.com/LarryMaguireMP,conservative,http://www.parl.gc.ca/Parliamentarians/Images/OfficialMPPhotos/41/MaguireLarry_CPC.jpg,7251,41
71537,Tarik Brahmi,NDP,Saint-Jean,,Tarik.Brahmi@parl.gc.ca,,ndp,http://www.parl.gc.ca/Parliamentarians/Images/OfficialMPPhotos/41/BrahmiTarik_NDP.jpg,71537,41
71611,Andrew Cash,NDP,Davenport,http://andrewcash.ca,Andrew.Cash@parl.gc.ca,,ndp,http://www.parl.gc.ca/Parliamentarians/Images/OfficialMPPhotos/41/CashAndrew_NDP.jpg,71611,41
71585,Matthew Kellway,NDP,Beaches—East York,http://matthewkellway.ndp.ca,Matthew.Kellway@parl.gc.ca,,ndp,http://www.parl.gc.ca/Parliamentarians/Images/OfficialMPPhotos/41/KellwayMatthew_NDP.jpg,71585,41
25478,Françoise Boivin,NDP,Gatineau,,Francoise.Boivin@parl.gc.ca,,ndp,http://www.parl.gc.ca/Parliamentarians/Images/OfficialMPPhotos/41/BoivinFrancoise_NDP.jpg,25478,41
25501,Diane Finley,Conservative,Haldimand—Norfolk,http://www.dianefinley.ca,diane.finley@parl.gc.ca,,conservative,http://www.parl.gc.ca/Parliamentarians/Images/OfficialMPPhotos/41/FinleyDiane_CPC.jpg,25501,41
35897,Blaine Calkins,Conservative,Wetaskiwin,http://www.blainecalkinsmp.ca,blaine.calkins@parl.gc.ca,,conservative,http://www.parl.gc.ca/Parliamentarians/Images/OfficialMPPhotos/41/CalkinsBlaine_CPC.jpg,35897,41
1174,Pat Martin,NDP,Winnipeg Centre,http://www.patmartin.ca,pat.martin@parl.gc.ca,,ndp,http://www.parl.gc.ca/Parliamentarians/Images/OfficialMPPhotos/41/MartinPat_NDP.jpg,1174,41
31289,Carol Hughes,NDP,Algoma—Manitoulin—Kapuskasing,http://carolhughes.ndp.ca,carol.hughes@parl.gc.ca,,ndp,http://www.parl.gc.ca/Parliamentarians/Images/OfficialMPPhotos/41/HughesCarol_NDP.jpg,31289,41
71839,Lawrence Toet,Conservative,Elmwood—Transcona,http://lawrencetoet.ca,Lawrence.Toet@parl.gc.ca,,conservative,http://www.parl.gc.ca/Parliamentarians/Images/OfficialMPPhotos/41/ToetLawrence_CPC.jpg,71839,41
86788,Pat Perkins,Conservative,Whitby—Oshawa,http://www.patperkins.ca,Pat.Perkins@parl.gc.ca,,conservative,http://www.parl.gc.ca/Parliamentarians/Images/OfficialMPPhotos/41/PerkinsPatricia_CPC.jpg,86788,41
63592,Fin Donnelly,NDP,New Westminster—Coquitlam,,fin.donnelly@parl.gc.ca,,ndp,http://www.parl.gc.ca/Parliamentarians/Images/OfficialMPPhotos/41/DonnellyFin_NDP.jpg,63592,41
31664,Bev Shipley,Conservative,Lambton—Kent—Middlesex,http://www.bevshipley.ca,bev.shipley@parl.gc.ca,,conservative,http://www.parl.gc.ca/Parliamentarians/Images/OfficialMPPhotos/41/ShipleyBev_CPC.jpg,31664,41
71398,Paulina Ayala,NDP,Honoré-Mercier,,Paulina.Ayala@parl.gc.ca,,ndp,http://www.parl.gc.ca/Parliamentarians/Images/OfficialMPPhotos/41/AyalaPaulina_NDP.jpg,71398,41
58697,Lise St-Denis,Liberal,Saint-Maurice—Champlain,,Lise.St-Denis@parl.gc.ca,,liberal,http://www.parl.gc.ca/Parliamentarians/Images/OfficialMPPhotos/41/St-DenisLise_NDP.jpg,58697,41
16399,Peter Julian,NDP,Burnaby—New Westminster,http://www.peterjulian.ca,peter.julian@parl.gc.ca,,ndp,http://www.parl.gc.ca/Parliamentarians/Images/OfficialMPPhotos/41/JulianPeter_NDP.jpg,16399,41
35896,Brian Storseth,Conservative,Westlock—St. Paul,http://www.brianstorseth.ca,brian.storseth@parl.gc.ca,,conservative,http://www.parl.gc.ca/Parliamentarians/Images/OfficialMPPhotos/41/StorsethBrian_CPC.jpg,35896,41
1832,Kevin Sorenson,Conservative,Crowfoot,http://www.kevinsorenson.ca,kevin.sorenson@parl.gc.ca,,conservative,http://www.parl.gc.ca/Parliamentarians/Images/OfficialMPPhotos/41/SorensonKevin_CPC.jpg,1832,41
25533,Joy Smith,Conservative,Kildonan—St. Paul,http://www.joysmith.ca,joy.smith@parl.gc.ca,,conservative,http://www.parl.gc.ca/Parliamentarians/Images/OfficialMPPhotos/41/SmithJoy_CPC.jpg,25533,41
25483,Gordon Brown,Conservative,Leeds—Grenville,http://www.gordbrownmp.ca,gord.brown@parl.gc.ca,,conservative,http://www.parl.gc.ca/Parliamentarians/Images/OfficialMPPhotos/41/BrownGordon_CPC.jpg,25483,41
25488,Michael Chong,Conservative,Wellington—Halton Hills,http://www.michaelchong.ca,michael.chong@parl.gc.ca,,conservative,http://www.parl.gc.ca/Parliamentarians/Images/OfficialMPPhotos/41/ChongMichaelD_CPC.jpg,25488,41
58550,Megan Leslie,NDP,Halifax,http://www.meganleslie.ca,megan.leslie@parl.gc.ca,,ndp,http://www.parl.gc.ca/Parliamentarians/Images/OfficialMPPhotos/41/LeslieMegan_NDP.jpg,58550,41
25447,Rona Ambrose,Conservative,Edmonton—Spruce Grove,http://www.ronaambrose.com,rona.ambrose@parl.gc.ca,,conservative,http://www.parl.gc.ca/Parliamentarians/Images/OfficialMPPhotos/41/AmbroseRona_CPC.jpg,25447,41
30903,Alex Atamanenko,NDP,British Columbia Southern Interior,http://alexatamanenko.ndp.ca,alex.atamanenko@parl.gc.ca,,ndp,http://www.parl.gc.ca/Parliamentarians/Images/OfficialMPPhotos/41/AtamanenkoAlex_NDP.jpg,30903,41
59331,Wai Young,Conservative,Vancouver South,http://waiyoung.ca,Wai.Young@parl.gc.ca,https://twitter.com/WaiYoung,conservative,http://www.parl.gc.ca/Parliamentarians/Images/OfficialMPPhotos/41/YoungWai_CPC.jpg,59331,41
71557,Charmaine Borg,NDP,Terrebonne—Blainville,,Charmaine.Borg@parl.gc.ca,https://twitter.com/cborgNPD,ndp,http://www.parl.gc.ca/Parliamentarians/Images/OfficialMPPhotos/41/BorgCharmaine_NDP.jpg,71557,41
35697,Rick Dykstra,Conservative,St. Catharines,http://www.rickdykstra.ca,rick.dykstra@parl.gc.ca,,conservative,http://www.parl.gc.ca/Parliamentarians/Images/OfficialMPPhotos/41/DykstraRichard_CPC.jpg,35697,41
71377,Sylvain Chicoine,NDP,Châteauguay—Saint-Constant,,Sylvain.Chicoine@parl.gc.ca,,ndp,http://www.parl.gc.ca/Parliamentarians/Images/OfficialMPPhotos/41/ChicoineSylvain_NDP.jpg,71377,41
1785,Irwin Cotler,Liberal,Mount Royal,,irwin.cotler@parl.gc.ca,,liberal,http://www.parl.gc.ca/Parliamentarians/Images/OfficialMPPhotos/41/CotlerIrwin_Lib.jpg,1785,41
25456,Scott Simms,Liberal,Bonavista—Gander—Grand Falls—Windsor,http://www.scottsimms.com,scott.simms@parl.gc.ca,https://twitter.com/Scott_Simms,liberal,http://www.parl.gc.ca/Parliamentarians/Images/OfficialMPPhotos/41/SimmsScott_Lib.jpg,25456,41
48292,Jim Eglinski,Conservative,Yellowhead,http://jimeglinski.ca,Jim.Eglinski@parl.gc.ca,,conservative,http://www.parl.gc.ca/Parliamentarians/Images/OfficialMPPhotos/41/EglinskiJim_CPC.jpg,48292,41
1806,Mark Eyking,Liberal,Sydney—Victoria,http://markeyking.liberal.ca,mark.eyking@parl.gc.ca,https://twitter.com/MarkEyking_MP,liberal,http://www.parl.gc.ca/Parliamentarians/Images/OfficialMPPhotos/41/EykingMark_Lib.jpg,1806,41
59226,Earl Dreeshen,Conservative,Red Deer,http://www.earldreeshen.ca,earl.dreeshen@parl.gc.ca,,conservative,http://www.parl.gc.ca/Parliamentarians/Images/OfficialMPPhotos/41/DreeshenEarl_CPC.jpg,59226,41
25467,Mark Warawa,Conservative,Langley,http://www.markwarawa.com,mark.warawa@parl.gc.ca,https://twitter.com/MPmarkwarawa,conservative,http://www.parl.gc.ca/Parliamentarians/Images/OfficialMPPhotos/41/WarawaMark_CPC.jpg,25467,41
58573,Keith Ashfield,Conservative,Fredericton,,keith.ashfield@parl.gc.ca,,conservative,http://www.parl.gc.ca/Parliamentarians/Images/OfficialMPPhotos/41/AshfieldKeith_CPC.jpg,58573,41
695,Daryl Kramp,Conservative,Prince Edward—Hastings,http://www.darylkramp.ca,daryl.kramp@parl.gc.ca,https://twitter.com/darylkramp,conservative,http://www.parl.gc.ca/Parliamentarians/Images/OfficialMPPhotos/41/KrampDaryl_CPC.jpg,695,41
25462,Brad Trost,Conservative,Saskatoon—Humboldt,http://www.bradtrost.ca,brad.trost@parl.gc.ca,,conservative,http://www.parl.gc.ca/Parliamentarians/Images/OfficialMPPhotos/41/TrostBradley_CPC.jpg,25462,41
74,Scott Brison,Liberal,Kings—Hants,http://www.scottbrison.ca,scott.brison@parl.gc.ca,https://twitter.com/scottbrison,liberal,http://www.parl.gc.ca/Parliamentarians/Images/OfficialMPPhotos/41/BrisonScott_Lib.jpg,74,41
58528,Ryan Cleary,NDP,St. John's South—Mount Pearl,http://ryancleary.ndp.ca,Ryan.Cleary@parl.gc.ca,,ndp,http://www.parl.gc.ca/Parliamentarians/Images/OfficialMPPhotos/41/ClearyRyan_NDP.jpg,58528,41
71503,Jean-François Larose,Forces et Démocratie,Repentigny,,Jean-Francois.Larose@parl.gc.ca,,forces_et_démocratie,http://www.parl.gc.ca/Parliamentarians/Images/OfficialMPPhotos/41/LaroseJeanFrançois_NDP.jpg,71503,41
35580,Pierre Lemieux,Conservative,Glengarry—Prescott—Russell,http://www.pierrelemieux.ca,pierre.lemieux@parl.gc.ca,,conservative,http://www.parl.gc.ca/Parliamentarians/Images/OfficialMPPhotos/41/LemieuxPierre_CPC.jpg,35580,41
1313,Rob Anders,Conservative,Calgary West,,rob.anders@parl.gc.ca,,conservative,http://www.parl.gc.ca/Parliamentarians/Images/OfficialMPPhotos/41/AndersRob_CPC.jpg,1313,41
35600,Ben Lobb,Conservative,Huron—Bruce,http://www.benlobb.com,ben.lobb@parl.gc.ca,https://twitter.com/voteBenLobb,conservative,http://www.parl.gc.ca/Parliamentarians/Images/OfficialMPPhotos/41/LobbBen_CPC.jpg,35600,41
318,Mathieu Ravignat,NDP,Pontiac,,Mathieu.Ravignat@parl.gc.ca,,ndp,http://www.parl.gc.ca/Parliamentarians/Images/OfficialMPPhotos/41/RavignatMathieu_NDP.jpg,318,41
30812,Alice Wong,Conservative,Richmond,http://www.alicewong.ca,alice.wong@parl.gc.ca,,conservative,http://www.parl.gc.ca/Parliamentarians/Images/OfficialMPPhotos/41/WongAlice_CPC.jpg,30812,41
764,Irene Mathyssen,NDP,London—Fanshawe,http://www.irenemathyssen.ca,irene.mathyssen@parl.gc.ca,,ndp,http://www.parl.gc.ca/Parliamentarians/Images/OfficialMPPhotos/41/MathyssenIrene_NDP.jpg,764,41
25522,Larry Miller,Conservative,Bruce—Grey—Owen Sound,http://www.larrymiller.ca,larry.miller@parl.gc.ca,,conservative,http://www.parl.gc.ca/Parliamentarians/Images/OfficialMPPhotos/41/MillerLarry_CPC.jpg,25522,41
35933,Ron Cannan,Conservative,Kelowna—Lake Country,http://www.cannan.ca,ron.cannan@parl.gc.ca,,conservative,http://www.parl.gc.ca/Parliamentarians/Images/OfficialMPPhotos/41/CannanRonald_CPC.jpg,35933,41
35399,Denis Blanchette,NDP,Louis-Hébert,,Denis.Blanchette@parl.gc.ca,,ndp,http://www.parl.gc.ca/Parliamentarians/Images/OfficialMPPhotos/41/BlanchetteDenis_NDP.jpg,35399,41
71553,Pierre-Luc Dusseault,NDP,Sherbrooke,,Pierre-Luc.Dusseault@parl.gc.ca,,ndp,http://www.parl.gc.ca/Parliamentarians/Images/OfficialMPPhotos/41/DusseaultPierreLuc_NDP.jpg,71553,41
71496,Élaine Michaud,NDP,Portneuf—Jacques-Cartier,,Elaine.Michaud@parl.gc.ca,,ndp,http://www.parl.gc.ca/Parliamentarians/Images/OfficialMPPhotos/41/MichaudÉlaine_NDP.jpg,71496,41
58519,Judy Foote,Liberal,Random—Burin—St. George's,http://www.judyfoote.ca,judy.foote@parl.gc.ca,,liberal,http://www.parl.gc.ca/Parliamentarians/Images/OfficialMPPhotos/41/FooteJudy_Lib.jpg,58519,41
71424,Hélène LeBlanc,NDP,LaSalle—Émard,,Helene.LeBlanc@parl.gc.ca,,ndp,http://www.parl.gc.ca/Parliamentarians/Images/OfficialMPPhotos/41/LeBlancHélène_NDP.jpg,71424,41
1325,Peter Goldring,Conservative,Edmonton East,http://www.petergoldring.ca,peter.goldring@parl.gc.ca,,conservative,http://www.parl.gc.ca/Parliamentarians/Images/OfficialMPPhotos/41/GoldringPeter_CPC.jpg,1325,41
30892,Mike Allen,Conservative,Tobique—Mactaquac,http://www.mikeallen.ca,mike.allen@parl.gc.ca,,conservative,http://www.parl.gc.ca/Parliamentarians/Images/OfficialMPPhotos/41/AllenMike_CPC.jpg,30892,41
35886,Chris Warkentin,Conservative,Peace River,http://www.chriswarkentin.com,chris.warkentin@parl.gc.ca,https://twitter.com/chriswarkentin,conservative,http://www.parl.gc.ca/Parliamentarians/Images/OfficialMPPhotos/41/WarkentinChris_CPC.jpg,35886,41
71530,Djaouida Sellah,NDP,Saint-Bruno—Saint-Hubert,,Djaouida.Sellah@parl.gc.ca,,ndp,http://www.parl.gc.ca/Parliamentarians/Images/OfficialMPPhotos/41/SellahDjaouida_NDP.jpg,71530,41
25489,David Christopherson,NDP,Hamilton Centre,http://www.davidchristopherson.ca,david.christopherson@parl.gc.ca,,ndp,http://www.parl.gc.ca/Parliamentarians/Images/OfficialMPPhotos/41/ChristophersonDavid_NDP.jpg,25489,41
13218,Yvonne Jones,Liberal,Labrador,http://yvonnejones.liberal.ca,Yvonne.Jones@parl.gc.ca,https://twitter.com/YvonneJJones,liberal,http://www.parl.gc.ca/Parliamentarians/Images/OfficialMPPhotos/41/JonesYvonne_Lib.jpg,13218,41
58537,Gail Shea,Conservative,Egmont,http://gailshea.ca,gail.shea@parl.gc.ca,,conservative,http://www.parl.gc.ca/Parliamentarians/Images/OfficialMPPhotos/41/SheaGailA_CPC.jpg,58537,41
71762,Costas Menegakis,Conservative,Richmond Hill,http://www.costasmenegakis.ca,Costas.Menegakis@parl.gc.ca,https://twitter.com/CostasMenegakis,conservative,http://www.parl.gc.ca/Parliamentarians/Images/OfficialMPPhotos/41/MenegakisCostas_CPC.jpg,71762,41
31715,David Sweet,Conservative,Ancaster—Dundas—Flamborough—Westdale,http://www.davidsweet.ca,david.sweet@parl.gc.ca,,conservative,http://www.parl.gc.ca/Parliamentarians/Images/OfficialMPPhotos/41/SweetDavid_CPC.jpg,31715,41
1795,David Anderson,Conservative,Cypress Hills—Grasslands,http://www.davidanderson.ca,david.anderson@parl.gc.ca,,conservative,http://www.parl.gc.ca/Parliamentarians/Images/OfficialMPPhotos/41/AndersonDavid_CPC.jpg,1795,41
58637,Jean Rousseau,NDP,Compton—Stanstead,,Jean.Rousseau@parl.gc.ca,,ndp,http://www.parl.gc.ca/Parliamentarians/Images/OfficialMPPhotos/41/RousseauJean_NDP.jpg,58637,41
1760,Geoff Regan,Liberal,Halifax West,http://www.geoffregan.ca,geoff.regan@parl.gc.ca,https://twitter.com/geoffregan,liberal,http://www.parl.gc.ca/Parliamentarians/Images/OfficialMPPhotos/41/ReganGeoff_Lib.jpg,1760,41
40463,Bernard Valcourt,Conservative,Madawaska—Restigouche,http://www.bernardvalcourtmp.ca,Bernard.Valcourt@parl.gc.ca,,conservative,http://www.parl.gc.ca/Parliamentarians/Images/OfficialMPPhotos/41/ValcourtBernard_CPC.jpg,40463,41
71569,Sana Hassainia,Independent,Verchères—Les Patriotes,,Sana.Hassainia@parl.gc.ca,,independent,http://www.parl.gc.ca/Parliamentarians/Images/OfficialMPPhotos/41/HassainiaSana_NDP.jpg,71569,41
413,Louis Plamondon,Bloc Québécois,Bas-Richelieu—Nicolet—Bécancour,,louis.plamondon@parl.gc.ca,,bloc_québécois,http://www.parl.gc.ca/Parliamentarians/Images/OfficialMPPhotos/41/PlamondonLouis_BQ.jpg,413,41
25465,Peter Van Loan,Conservative,York—Simcoe,http://www.petervanloan.com,peter.vanloan@parl.gc.ca,,conservative,http://www.parl.gc.ca/Parliamentarians/Images/OfficialMPPhotos/41/VanLoanPeter_CPC.jpg,25465,41
31267,Laurie Hawn,Conservative,Edmonton Centre,http://www.lauriehawn.ca,laurie.hawn@parl.gc.ca,,conservative,http://www.parl.gc.ca/Parliamentarians/Images/OfficialMPPhotos/41/HawnLaurie_CPC.jpg,31267,41
71477,Isabelle Morin,NDP,Notre-Dame-de-Grâce—Lachine,,Isabelle.Morin@parl.gc.ca,,ndp,http://www.parl.gc.ca/Parliamentarians/Images/OfficialMPPhotos/41/MorinIsabelle_NDP.jpg,71477,41
1817,John McCallum,Liberal,Markham—Unionville,http://www.johnmccallum.ca,john.mccallum@parl.gc.ca,https://twitter.com/JohnMcCallumLPC,liberal,http://www.parl.gc.ca/Parliamentarians/Images/OfficialMPPhotos/41/McCallumJohn_Lib.jpg,1817,41
54434,Adam Vaughan,Liberal,Trinity—Spadina,http://www.adamvaughanmp.ca,Adam.Vaughan@parl.gc.ca,,liberal,http://www.parl.gc.ca/Parliamentarians/Images/OfficialMPPhotos/41/VaughanAdam_Lib.jpg,54434,41
71436,José Nunez-Melo,Independent,Laval,,Jose.Nunez-Melo@parl.gc.ca,,independent,http://www.parl.gc.ca/Parliamentarians/Images/OfficialMPPhotos/41/NunezMeloJosé_NDP.jpg,71436,41
58890,Frank Valeriote,Liberal,Guelph,http://www.frankvaleriotemp.ca,Frank.valeriote@parl.gc.ca,,liberal,http://www.parl.gc.ca/Parliamentarians/Images/OfficialMPPhotos/41/ValerioteFrancis_Lib.jpg,58890,41
1809,Cheryl Gallant,Conservative,Renfrew—Nipissing—Pembroke,http://www.cherylgallant.com,cheryl.gallant@parl.gc.ca,,conservative,http://www.parl.gc.ca/Parliamentarians/Images/OfficialMPPhotos/41/GallantCheryl_CPC.jpg,1809,41
72052,Jasbir Sandhu,NDP,Surrey North,http://www.jasbirsandhu.ca,Jasbir.Sandhu@parl.gc.ca,,ndp,http://www.parl.gc.ca/Parliamentarians/Images/OfficialMPPhotos/41/SandhuJasbir_NDP.jpg,72052,41
30338,Rick Norlock,Conservative,Northumberland—Quinte West,http://www.ricknorlock.ca,rick.norlock@parl.gc.ca,,conservative,http://www.parl.gc.ca/Parliamentarians/Images/OfficialMPPhotos/41/NorlockRick_CPC.jpg,30338,41
1787,Judy Sgro,Liberal,York West,http://www.judysgro.ca,judy.sgro@parl.gc.ca,https://twitter.com/JudySgroMP,liberal,http://www.parl.gc.ca/Parliamentarians/Images/OfficialMPPhotos/41/SgroJudy_Lib.jpg,1787,41
25504,Gary Goodyear,Conservative,Cambridge,http://www.garygoodyear.com,gary.goodyear@parl.gc.ca,,conservative,http://www.parl.gc.ca/Parliamentarians/Images/OfficialMPPhotos/41/GoodyearGary_CPC.jpg,25504,41
71319,Robert Goguen,Conservative,Moncton—Riverview—Dieppe,http://www.robertgoguen.ca,Robert.Goguen@parl.gc.ca,,conservative,http://www.parl.gc.ca/Parliamentarians/Images/OfficialMPPhotos/41/GoguenRobert_CPC.jpg,71319,41
35663,Terence Young,Conservative,Oakville,http://www.terenceyoung.com,terence.young@parl.gc.ca,,conservative,http://www.parl.gc.ca/Parliamentarians/Images/OfficialMPPhotos/41/YoungTerenceH_CPC.jpg,35663,41
71338,Rosane Doré Lefebvre,NDP,Alfred-Pellan,,Rosane.DoreLefebvre@parl.gc.ca,,ndp,http://www.parl.gc.ca/Parliamentarians/Images/OfficialMPPhotos/41/DoréLefebvreRosane_NDP.jpg,71338,41
59265,Cathy McLeod,Conservative,Kamloops—Thompson—Cariboo,http://www.cathymcleod.ca,cathy.mcleod@parl.gc.ca,,conservative,http://www.parl.gc.ca/Parliamentarians/Images/OfficialMPPhotos/41/McLeodCathy_CPC.jpg,59265,41
38633,Denis Lebel,Conservative,Roberval—Lac-Saint-Jean,,denis.lebel@parl.gc.ca,https://twitter.com/DenisLebelPCC,conservative,http://www.parl.gc.ca/Parliamentarians/Images/OfficialMPPhotos/41/LebelDenis_CPC.jpg,38633,41
25470,Charlie Angus,NDP,Timmins—James Bay,http://charlieangus.ndp.ca,charlie.angus@parl.gc.ca,,ndp,http://www.parl.gc.ca/Parliamentarians/Images/OfficialMPPhotos/41/AngusCharlie_NDP.jpg,25470,41
58866,Joe Oliver,Conservative,Eglinton—Lawrence,http://www.joeoliver.ca,Joe.Oliver@parl.gc.ca,,conservative,http://www.parl.gc.ca/Parliamentarians/Images/OfficialMPPhotos/41/OliverJoe_CPC.jpg,58866,41
84672,Ted Falk,Conservative,Provencher,http://www.tedfalk.ca,Ted.Falk@parl.gc.ca,,conservative,http://www.parl.gc.ca/Parliamentarians/Images/OfficialMPPhotos/41/FalkTed_CPC.jpg,84672,41
25505,Nina Grewal,Conservative,Fleetwood—Port Kells,http://www.ninagrewal.ca,nina.grewal@parl.gc.ca,,conservative,http://www.parl.gc.ca/Parliamentarians/Images/OfficialMPPhotos/41/GrewalNina_CPC.jpg,25505,41
10524,Marc Garneau,Liberal,Westmount—Ville-Marie,,marc.garneau@parl.gc.ca,https://twitter.com/MarcGarneau,liberal,http://www.parl.gc.ca/Parliamentarians/Images/OfficialMPPhotos/41/GarneauMarc_Lib.jpg,10524,41
29881,Philip Toone,NDP,Gaspésie—Îles-de-la-Madeleine,,Philip.Toone@parl.gc.ca,,ndp,http://www.parl.gc.ca/Parliamentarians/Images/OfficialMPPhotos/41/ToonePhilip_NDP.jpg,29881,41
25502,Steven Fletcher,Conservative,Charleswood—St. James—Assiniboia,http://www.stevenfletcher.ca,steven.fletcher@parl.gc.ca,https://twitter.com/HonSFletcherMP,conservative,http://www.parl.gc.ca/Parliamentarians/Images/OfficialMPPhotos/41/FletcherStevenJohn_CPC.jpg,25502,41
35422,Christian Paradis,Conservative,Mégantic—L'Érable,,christian.paradis@parl.gc.ca,,conservative,http://www.parl.gc.ca/Parliamentarians/Images/OfficialMPPhotos/41/ParadisChristian_CPC.jpg,35422,41
59182,Devinder Shory,Conservative,Calgary Northeast,http://devindershory.ca,devinder.shory@parl.gc.ca,,conservative,http://www.parl.gc.ca/Parliamentarians/Images/OfficialMPPhotos/41/ShoryDevinder_CPC.jpg,59182,41
1589,Hedy Fry,Liberal,Vancouver Centre,http://www.hedyfry.com,hedy.fry@parl.gc.ca,https://twitter.com/HedyFry,liberal,http://www.parl.gc.ca/Parliamentarians/Images/OfficialMPPhotos/41/FryHedy__Lib.jpg,1589,41
1598,Libby Davies,NDP,Vancouver East,http://www.libbydavies.ca,libby.davies@parl.gc.ca,,ndp,http://www.parl.gc.ca/Parliamentarians/Images/OfficialMPPhotos/41/DaviesLibby_NDP.jpg,1598,41
1813,Dominic LeBlanc,Liberal,Beauséjour,http://www.dominicleblanc.ca,dominic.leblanc@parl.gc.ca,,liberal,http://www.parl.gc.ca/Parliamentarians/Images/OfficialMPPhotos/41/LeBlancDominic_Lib.jpg,1813,41
35665,Paul Dewar,NDP,Ottawa Centre,http://www.pauldewar.ndp.ca,paul.dewar@parl.gc.ca,,ndp,http://www.parl.gc.ca/Parliamentarians/Images/OfficialMPPhotos/41/DewarPaul_NDP.jpg,35665,41
25493,Nathan Cullen,NDP,Skeena—Bulkley Valley,http://www.nathancullen.com,nathan.cullen@parl.gc.ca,,ndp,http://www.parl.gc.ca/Parliamentarians/Images/OfficialMPPhotos/41/CullenNathan_NDP.jpg,25493,41
425,Alain Giguère,NDP,Marc-Aurèle-Fortin,,Alain.Giguere@parl.gc.ca,,ndp,http://www.parl.gc.ca/Parliamentarians/Images/OfficialMPPhotos/41/GiguèreAlain_NDP.jpg,425,41
25524,Pierre Poilievre,Conservative,Nepean—Carleton,http://pierremp.ca,pierre.poilievre@parl.gc.ca,,conservative,http://www.parl.gc.ca/Parliamentarians/Images/OfficialMPPhotos/41/PoilievrePierre_CPC.jpg,25524,41
86249,Arnold Chan,Liberal,Scarborough—Agincourt,http://www.arnoldchan.liberal.ca,Arnold.Chan@parl.gc.ca,https://twitter.com/ArnoldChanLib,liberal,http://www.parl.gc.ca/Parliamentarians/Images/OfficialMPPhotos/41/ChanArnold_Lib.jpg,86249,41
82,Peter MacKay,Conservative,Central Nova,http://www.petermackay.ca,peter.mackay@parl.gc.ca,,conservative,http://www.parl.gc.ca/Parliamentarians/Images/OfficialMPPhotos/41/MacKayPeterGordon_CPC.jpg,82,41
35952,Colin Mayes,Conservative,Okanagan—Shuswap,http://colinmayes.ca,colin.mayes@parl.gc.ca,,conservative,http://www.parl.gc.ca/Parliamentarians/Images/OfficialMPPhotos/41/MayesColin_CPC.jpg,35952,41
71439,François Pilon,NDP,Laval—Les Îles,,Francois.Pilon@parl.gc.ca,,ndp,http://www.parl.gc.ca/Parliamentarians/Images/OfficialMPPhotos/41/PilonFrançois_NDP.jpg,71439,41
26684,Thomas Mulcair,NDP,Outremont,,thomas.mulcair@parl.gc.ca,,ndp,http://www.parl.gc.ca/Parliamentarians/Images/OfficialMPPhotos/41/MulcairThomasJ_NDP.jpg,26684,41
957,John McKay,Liberal,Scarborough—Guildwood,http://www.johnmckaymp.on.ca,john.mckay@parl.gc.ca,https://twitter.com/JohnMcKayLib,liberal,http://www.parl.gc.ca/Parliamentarians/Images/OfficialMPPhotos/41/McKayJohnNorman_Lib.jpg,957,41
1604,John Duncan,Conservative,Vancouver Island North,http://johnduncanmp.com,john.duncan@parl.gc.ca,,conservative,http://www.parl.gc.ca/Parliamentarians/Images/OfficialMPPhotos/41/DuncanJohn_CPC.jpg,1604,41
71341,Mylène Freeman,NDP,Argenteuil—Papineau—Mirabel,,Mylene.Freeman@parl.gc.ca,,ndp,http://www.parl.gc.ca/Parliamentarians/Images/OfficialMPPhotos/41/FreemanMylène_NDP.jpg,71341,41
35555,John Carmichael,Conservative,Don Valley West,http://www.johncarmichael.ca,John.Carmichael@parl.gc.ca,,conservative,http://www.parl.gc.ca/Parliamentarians/Images/OfficialMPPhotos/41/CarmichaelJohn_CPC.jpg,35555,41
30836,Dennis Bevington,NDP,Northwest Territories,http://www.dennisbevington.ca,dennis.bevington@parl.gc.ca,,ndp,http://www.parl.gc.ca/Parliamentarians/Images/OfficialMPPhotos/41/BevingtonDennisFraser_NDP.jpg,30836,41
71517,Laurin Liu,NDP,Rivière-des-Mille-Îles,,Laurin.Liu@parl.gc.ca,,ndp,http://www.parl.gc.ca/Parliamentarians/Images/OfficialMPPhotos/41/LiuLaurin_NDP.jpg,71517,41
71660,Ted Hsu,Liberal,Kingston and the Islands,http://www.tedhsu.ca,Ted.Hsu@parl.gc.ca,,liberal,http://www.parl.gc.ca/Parliamentarians/Images/OfficialMPPhotos/41/HsuTed_Lib.jpg,71660,41
31086,Bob Dechert,Conservative,Mississauga—Erindale,http://bobdechertmp.ca,bob.dechert@parl.gc.ca,,conservative,http://www.parl.gc.ca/Parliamentarians/Images/OfficialMPPhotos/41/DechertBob_CPC.jpg,31086,41
86261,John Barlow,Conservative,Macleod,http://www.johnbarlowmp.ca,John.Barlow@parl.gc.ca,,conservative,http://www.parl.gc.ca/Parliamentarians/Images/OfficialMPPhotos/41/BarlowJohn_CPC.jpg,86261,41
1819,James Moore,Conservative,Port Moody—Westwood—Port Coquitlam,http://www.jamesmoore.ca,james.moore@parl.gc.ca,https://twitter.com/JamesMoore_org,conservative,http://www.parl.gc.ca/Parliamentarians/Images/OfficialMPPhotos/41/MooreJames_CPC.jpg,1819,41
71613,Joe Daniel,Conservative,Don Valley East,http://www.joedaniel.ca,Joe.Daniel@parl.gc.ca,,conservative,http://www.parl.gc.ca/Parliamentarians/Images/OfficialMPPhotos/41/DanielJoe_CPC.jpg,71613,41
1295,Diane Ablonczy,Conservative,Calgary—Nose Hill,http://www.ablonczy.com,diane.ablonczy@parl.gc.ca,,conservative,http://www.parl.gc.ca/Parliamentarians/Images/OfficialMPPhotos/41/AblonczyDiane_CPC.jpg,1295,41
2897,Elizabeth May,Green Party,Saanich—Gulf Islands,http://www.elizabethmaymp.ca,Elizabeth.May@parl.gc.ca,,green_party,http://www.parl.gc.ca/Parliamentarians/Images/OfficialMPPhotos/41/MayElizabeth_GP.jpg,2897,41
25520,Tom Lukiwski,Conservative,Regina—Lumsden—Lake Centre,http://www.tomlukiwski.com,tom.lukiwski@parl.gc.ca,,conservative,http://www.parl.gc.ca/Parliamentarians/Images/OfficialMPPhotos/41/LukiwskiTom_CPC.jpg,25520,41
58841,Kyle Seeback,Conservative,Brampton West,http://www.kyleseeback.com,Kyle.Seeback@parl.gc.ca,,conservative,http://www.parl.gc.ca/Parliamentarians/Images/OfficialMPPhotos/41/SeebackKyle_CPC.jpg,58841,41
71270,Sean Casey,Liberal,Charlottetown,http://www.seancasey.ca,Sean.Casey@parl.gc.ca,https://twitter.com/SeanCaseyLPC,liberal,http://www.parl.gc.ca/Parliamentarians/Images/OfficialMPPhotos/41/CaseySean_Lib.jpg,71270,41
58628,Jonathan Tremblay,NDP,Montmorency—Charlevoix—Haute-Côte-Nord,,Jonathan.Tremblay@parl.gc.ca,,ndp,http://www.parl.gc.ca/Parliamentarians/Images/OfficialMPPhotos/41/TremblayJonathan_NDP.jpg,58628,41
59143,Ray Boughen,Conservative,Palliser,http://www.rayboughen.ca,ray.boughen@parl.gc.ca,https://twitter.com/RayBoughenMP,conservative,http://www.parl.gc.ca/Parliamentarians/Images/OfficialMPPhotos/41/BoughenRay_CPC.jpg,59143,41
17210,Rob Moore,Conservative,Fundy Royal,http://www.robmooremp.com,rob.moore@parl.gc.ca,https://twitter.com/RobMoore_CPC,conservative,http://www.parl.gc.ca/Parliamentarians/Images/OfficialMPPhotos/41/MooreRob_CPC.jpg,17210,41
13,Gerry Byrne,Liberal,Humber—St. Barbe—Baie Verte,http://www.gerrybyrne.ca,gerry.byrne@parl.gc.ca,,liberal,http://www.parl.gc.ca/Parliamentarians/Images/OfficialMPPhotos/41/ByrneGerry_Lib.jpg,13,41
30503,Chungsen Leung,Conservative,Willowdale,http://www.chungsenleung.ca,Chungsen.Leung@parl.gc.ca,https://twitter.com/csleungmp,conservative,http://www.parl.gc.ca/Parliamentarians/Images/OfficialMPPhotos/41/LeungChungsen_CPC.jpg,30503,41
31234,Claude Gravelle,NDP,Nickel Belt,http://claudegravelle.ca,claude.gravelle@parl.gc.ca,,ndp,http://www.parl.gc.ca/Parliamentarians/Images/OfficialMPPhotos/41/GravelleClaude_NDP.jpg,31234,41
25454,Andrew Scheer,Conservative,Regina—Qu'Appelle,http://www.andrewmp.ca,andrew.scheer@parl.gc.ca,,conservative,http://www.parl.gc.ca/Parliamentarians/Images/OfficialMPPhotos/41/ScheerAndrew_CPC.jpg,25454,41
71533,Marie-Claude Morin,NDP,Saint-Hyacinthe—Bagot,,Marie-Claude.Morin@parl.gc.ca,,ndp,http://www.parl.gc.ca/Parliamentarians/Images/OfficialMPPhotos/41/MorinMarieClaude_NDP.jpg,71533,41
71945,Jim Hillyer,Conservative,Lethbridge,http://www.jimhillyer.com,Jim.Hillyer@parl.gc.ca,,conservative,http://www.parl.gc.ca/Parliamentarians/Images/OfficialMPPhotos/41/HillyerJim_CPC.jpg,71945,41
58914,Greg Rickford,Conservative,Kenora,http://www.gregrickford.ca/?language_id=0,greg.rickford@parl.gc.ca,https://twitter.com/GregRickford,conservative,http://www.parl.gc.ca/Parliamentarians/Images/OfficialMPPhotos/41/RickfordGreg_CPC.jpg,58914,41
103,Yvon Godin,NDP,Acadie—Bathurst,http://www.yvongodin.ca,yvon.godin@parl.gc.ca,,ndp,http://www.parl.gc.ca/Parliamentarians/Images/OfficialMPPhotos/41/GodinYvon_NDP.jpg,103,41
35668,Royal Galipeau,Conservative,Ottawa—Orléans,http://www.royalgalipeau.ca/about,royal.galipeau@parl.gc.ca,,conservative,http://www.parl.gc.ca/Parliamentarians/Images/OfficialMPPhotos/41/GalipeauRoyal_CPC.jpg,35668,41
35607,Harold Albrecht,Conservative,Kitchener—Conestoga,http://www.haroldalbrechtmp.ca,harold.albrecht@parl.gc.ca,https://twitter.com/Albrecht4KitCon,conservative,http://www.parl.gc.ca/Parliamentarians/Images/OfficialMPPhotos/41/AlbrechtHarold_CPC.jpg,35607,41
232,Christine Moore,NDP,Abitibi—Témiscamingue,,Christine.Moore@parl.gc.ca,,ndp,http://www.parl.gc.ca/Parliamentarians/Images/OfficialMPPhotos/41/MooreChristine_NDP.jpg,232,41
71323,John Williamson,Conservative,New Brunswick Southwest,http://johnwilliamsonmp.com,John.Williamson@parl.gc.ca,,conservative,http://www.parl.gc.ca/Parliamentarians/Images/OfficialMPPhotos/41/WilliamsonJohn_CPC.jpg,71323,41
35389,Steven Blaney,Conservative,Lévis—Bellechasse,,steven.blaney@parl.gc.ca,,conservative,http://www.parl.gc.ca/Parliamentarians/Images/OfficialMPPhotos/41/BlaneySteven_CPC.jpg,35389,41
71471,Manon Perreault,Independent,Montcalm,,Manon.Perreault@parl.gc.ca,,independent,http://www.parl.gc.ca/Parliamentarians/Images/OfficialMPPhotos/41/PerreaultManon_NDP.jpg,71471,41
71538,Sadia Groguhé,NDP,Saint-Lambert,,Sadia.Groguhe@parl.gc.ca,,ndp,http://www.parl.gc.ca/Parliamentarians/Images/OfficialMPPhotos/41/GroguheSadia_NDP.jpg,71538,41
71549,Réjean Genest,NDP,Shefford,,Rejean.Genest@parl.gc.ca,,ndp,http://www.parl.gc.ca/Parliamentarians/Images/OfficialMPPhotos/41/GenestRéjean_NDP.jpg,71549,41
35873,Linda Duncan,NDP,Edmonton—Strathcona,http://www.lindaduncanmp.ca,linda.duncan@parl.gc.ca,,ndp,http://www.parl.gc.ca/Parliamentarians/Images/OfficialMPPhotos/41/DuncanLindaFrancis_NDP.jpg,35873,41
35309,Maxime Bernier,Conservative,Beauce,,maxime.bernier@parl.gc.ca,,conservative,http://www.parl.gc.ca/Parliamentarians/Images/OfficialMPPhotos/41/BernierMaxime_CPC.jpg,35309,41
4255,Rodney Weston,Conservative,Saint John,http://www.rodneyweston.ca,rodney.weston@parl.gc.ca,,conservative,http://www.parl.gc.ca/Parliamentarians/Images/OfficialMPPhotos/41/WestonRodney_CPC.jpg,4255,41
681,Wayne Marston,NDP,Hamilton East—Stoney Creek,http://www.waynemarston.ndp.ca,wayne.marston@parl.gc.ca,,ndp,http://www.parl.gc.ca/Parliamentarians/Images/OfficialMPPhotos/41/MarstonWayne_NDP.jpg,681,41
88,Peter Stoffer,NDP,Sackville—Eastern Shore,http://peterstoffer.ndp.ca,peter.stoffer@parl.gc.ca,,ndp,http://www.parl.gc.ca/Parliamentarians/Images/OfficialMPPhotos/41/StofferPeterArend_NDP.jpg,88,41
58833,Stella Ambler,Conservative,Mississauga South,http://www.stellaambler.com,Stella.Ambler@parl.gc.ca,,conservative,http://www.parl.gc.ca/Parliamentarians/Images/OfficialMPPhotos/41/AmblerStella_CPC.jpg,58833,41
71786,K. Kellie Leitch,Conservative,Simcoe—Grey,http://www.kellieleitchmp.com,Kellie.Leitch@parl.gc.ca,,conservative,http://www.parl.gc.ca/Parliamentarians/Images/OfficialMPPhotos/41/LeitchKellie_CPC.jpg,71786,41
71368,Matthew Dubé,NDP,Chambly—Borduas,,Matthew.Dube@parl.gc.ca,,ndp,http://www.parl.gc.ca/Parliamentarians/Images/OfficialMPPhotos/41/DubeMatthew_NDP.jpg,71368,41
69488,Robert Sopuck,Conservative,Dauphin—Swan River—Marquette,http://www.robertsopuck.ca,robert.sopuck@parl.gc.ca,,conservative,http://www.parl.gc.ca/Parliamentarians/Images/OfficialMPPhotos/41/SopuckRobert_CPC.jpg,69488,41
63589,François Lapointe,NDP,Montmagny—L'Islet—Kamouraska—Rivière-du-Loup,,Francois.Lapointe@parl.gc.ca,,ndp,http://www.parl.gc.ca/Parliamentarians/Images/OfficialMPPhotos/41/LapointeFrançois_CPC.jpg,63589,41
35535,Bal Gosal,Conservative,Bramalea—Gore—Malton,http://www.balgosal.com,Bal.Gosal@parl.gc.ca,,conservative,http://www.parl.gc.ca/Parliamentarians/Images/OfficialMPPhotos/41/GosalBal_CPC.jpg,35535,41
71482,Romeo Saganash,NDP,Abitibi—Baie-James—Nunavik—Eeyou,,Romeo.Saganash@parl.gc.ca,,ndp,http://www.parl.gc.ca/Parliamentarians/Images/OfficialMPPhotos/41/SaganashRomeo_NDP.jpg,71482,41
71465,Jean-François Fortin,Forces et Démocratie,Haute-Gaspésie—La Mitis—Matane—Matapédia,,Jean-Francois.Fortin@parl.gc.ca,,forces_et_démocratie,http://www.parl.gc.ca/Parliamentarians/Images/OfficialMPPhotos/41/FortinJeanFrançois_BQ.jpg,71465,41
35397,Jacques Gourde,Conservative,Lotbinière—Chutes-de-la-Chaudière,,jacques.gourde@parl.gc.ca,,conservative,http://www.parl.gc.ca/Parliamentarians/Images/OfficialMPPhotos/41/GourdeJacques_CPC.jpg,35397,41
25497,Barry Devolin,Conservative,Haliburton—Kawartha Lakes—Brock,http://www.barrydevolin.ca,barry.devolin@parl.gc.ca,,conservative,http://www.parl.gc.ca/Parliamentarians/Images/OfficialMPPhotos/41/DevolinBarry_CPC.jpg,25497,41
25492,Jean Crowder,NDP,Nanaimo—Cowichan,http://www.jeancrowder.ca,jean.crowder@parl.gc.ca,,ndp,http://www.parl.gc.ca/Parliamentarians/Images/OfficialMPPhotos/41/CrowderJean_NDP.jpg,25492,41
891,Dave MacKenzie,Conservative,Oxford,http://www.davemackenzie.ca,dave.mackenzie@parl.gc.ca,,conservative,http://www.parl.gc.ca/Parliamentarians/Images/OfficialMPPhotos/41/MacKenzieDave_CPC.jpg,891,41
71430,Marc-André Morin,NDP,Laurentides—Labelle,,Marc-Andre.Morin@parl.gc.ca,,ndp,http://www.parl.gc.ca/Parliamentarians/Images/OfficialMPPhotos/41/MorinMarcAndré_NDP.jpg,71430,41
31765,Dave Van Kesteren,Conservative,Chatham-Kent—Essex,http://www.davevankesteren.ca,dave.vankesteren@parl.gc.ca,,conservative,http://www.parl.gc.ca/Parliamentarians/Images/OfficialMPPhotos/41/VanKesterenDavid_CPC.jpg,31765,41
33,Lawrence MacAulay,Liberal,Cardigan,http://lawrencemacaulay.liberal.ca,lawrence.macaulay@parl.gc.ca,,liberal,http://www.parl.gc.ca/Parliamentarians/Images/OfficialMPPhotos/41/MacAulayLawrenceA_Lib.jpg,33,41
460,Stéphane Dion,Liberal,Saint-Laurent—Cartierville,,stephane.dion@parl.gc.ca,,liberal,http://www.parl.gc.ca/Parliamentarians/Images/OfficialMPPhotos/41/DionStéphane_Lib.jpg,460,41
71566,Jamie Nicholls,NDP,Vaudreuil-Soulanges,,Jamie.Nicholls@parl.gc.ca,,ndp,http://www.parl.gc.ca/Parliamentarians/Images/OfficialMPPhotos/41/NichollsJamie_NDP.jpg,71566,41
72773,Erin O'Toole,Conservative,Durham,http://www.erinotoolemp.ca,Erin.OToole@parl.gc.ca,,conservative,http://www.parl.gc.ca/Parliamentarians/Images/OfficialMPPhotos/41/O'TooleErin_CPC.jpg,72773,41
58877,Kirsty Duncan,Liberal,Etobicoke North,http://kirstyduncan.liberal.ca,kirsty.duncan@parl.gc.ca,https://twitter.com/KirstyDuncanMP,liberal,http://www.parl.gc.ca/Parliamentarians/Images/OfficialMPPhotos/41/DuncanKirsty_Lib.jpg,58877,41
60078,Murray Rankin,NDP,Victoria,http://www.murrayrankin.ca,Murray.Rankin@parl.gc.ca,,ndp,http://www.parl.gc.ca/Parliamentarians/Images/OfficialMPPhotos/41/MurrayRankin_NDP.jpg,60078,41
1826,James Rajotte,Conservative,Edmonton—Leduc,http://www.jamesrajottemp.ca,james.rajotte@parl.gc.ca,,conservative,http://www.parl.gc.ca/Parliamentarians/Images/OfficialMPPhotos/41/RajotteJames_CPC.jpg,1826,41
59068,Malcolm Allen,NDP,Welland,http://malcolmallen.ndp.ca,malcolm.allen@parl.gc.ca,,ndp,http://www.parl.gc.ca/Parliamentarians/Images/OfficialMPPhotos/41/AllenMalcolm_NDP.jpg,59068,41
71420,Ève Péclet,NDP,La Pointe-de-l'Île,,Eve.Peclet@parl.gc.ca,,ndp,http://www.parl.gc.ca/Parliamentarians/Images/OfficialMPPhotos/41/PécletÈve_NDP.jpg,71420,41
1827,Scott Reid,Conservative,Lanark—Frontenac—Lennox and Addington,http://www.scottreid.ca,scott.reid@parl.gc.ca,,conservative,http://www.parl.gc.ca/Parliamentarians/Images/OfficialMPPhotos/41/ReidScott_CPC.jpg,1827,41
31791,Mike Wallace,Conservative,Burlington,http://www.mikewallacemp.ca,mike.wallace@parl.gc.ca,https://twitter.com/MikeWallaceMP,conservative,http://www.parl.gc.ca/Parliamentarians/Images/OfficialMPPhotos/41/WallaceMike_CPC.jpg,31791,41
35648,Lois Brown,Conservative,Newmarket—Aurora,http://www.loisbrown.ca,lois.brown@parl.gc.ca,https://twitter.com/MPLoisBrown,conservative,http://www.parl.gc.ca/Parliamentarians/Images/OfficialMPPhotos/41/BrownLois_CPC.jpg,35648,41
25486,Colin Carrie,Conservative,Oshawa,http://www.colincarriemp.ca,colin.carrie@parl.gc.ca,,conservative,http://www.parl.gc.ca/Parliamentarians/Images/OfficialMPPhotos/41/CarrieColin_CPC.jpg,25486,41
71995,Randall Garrison,NDP,Esquimalt—Juan de Fuca,http://randallgarrison.ndp.ca,Randall.Garrison@parl.gc.ca,,ndp,http://www.parl.gc.ca/Parliamentarians/Images/OfficialMPPhotos/41/GarrisonRandallC_NDP.jpg,71995,41
35950,Joyce Murray,Liberal,Vancouver Quadra,http://www.joycemurray.ca,joyce.murray@parl.gc.ca,https://twitter.com/joycemurray,liberal,http://www.parl.gc.ca/Parliamentarians/Images/OfficialMPPhotos/41/MurrayJoyce_Lib.jpg,35950,41
72079,Ryan Leef,Conservative,Yukon,http://www.ryanleef.ca,Ryan.Leef@parl.gc.ca,,conservative,http://www.parl.gc.ca/Parliamentarians/Images/OfficialMPPhotos/41/LeefRyan_CPC.jpg,72079,41
91,Gerald Keddy,Conservative,South Shore—St. Margaret's,http://www.geraldkeddymp.ca,gerald.keddy@parl.gc.ca,,conservative,http://www.parl.gc.ca/Parliamentarians/Images/OfficialMPPhotos/41/KeddyGerald_CPC.jpg,91,41
72029,Dan Albas,Conservative,Okanagan—Coquihalla,http://www.danalbas.com,Dan.Albas@parl.gc.ca,,conservative,http://www.parl.gc.ca/Parliamentarians/Images/OfficialMPPhotos/41/AlbasDan_CPC.jpg,72029,41
