id,name,sort_name,email,twitter,facebook,group,group_id,area_id,area,chamber,term,start_date,end_date,image,gender
ab441513-fe29-4a12-a1cc-2e5a1ddd9f8f,AHMED DEMIR DOGAN,AHMED DEMIR DOGAN,ahmed.dogan@parliament.bg,,,Movement for Rights and Freedoms,movement_for_rights_and_freedoms,9,КЪРДЖАЛИ,National Assembly,41,,2013-02-06,http://www.parliament.bg/images/Assembly/902.png,
ab441513-fe29-4a12-a1cc-2e5a1ddd9f8f,AHMED DEMIR DOGAN,AHMED DEMIR DOGAN,ahmed.dogan@parliament.bg,,,Movement for Rights and Freedoms,movement_for_rights_and_freedoms,9,КЪРДЖАЛИ,National Assembly,41,2013-02-06,,http://www.parliament.bg/images/Assembly/902.png,
4b7e4b28-b4e8-4b52-82cb-2cddcb824999,ALEKSANDAR RUMENOV NENKOV,ALEKSANDAR RUMENOV NENKOV,aleksandar.nenkov@parliament.bg,,,Political Party GERB,political_party_gerb,23,СОФИЯ 1,National Assembly,41,,,http://www.parliament.bg/images/Assembly/999.png,
e3a95699-e725-4596-af43-49921508846c,ALEKSANDAR STOYCHEV STOYKOV,ALEKSANDAR STOYCHEV STOYKOV,aleksandar.stoykov@parliament.bg,,,Political Party GERB,political_party_gerb,31,ЯМБОЛ,National Assembly,41,,,http://www.parliament.bg/images/Assembly/1070.png,
3a4d152b-308a-403a-bbd6-e2fd37826fd3,ALEXANDER VLADIMIROV RADOSLAVOV,ALEXANDER VLADIMIROV RADOSLAVOV,a.radoslavov@parliament.bg,,,Coalition for Bulgaria,coalition_for_bulgaria,25,СОФИЯ 3,National Assembly,41,,2009-07-29,http://www.parliament.bg/images/Assembly/1022.png,
3a4d152b-308a-403a-bbd6-e2fd37826fd3,ALEXANDER VLADIMIROV RADOSLAVOV,ALEXANDER VLADIMIROV RADOSLAVOV,a.radoslavov@parliament.bg,,,Coalition for Bulgaria,coalition_for_bulgaria,25,СОФИЯ 3,National Assembly,41,2009-07-29,,http://www.parliament.bg/images/Assembly/1022.png,
b825ff40-a57f-4685-ac3c-89091a144966,ALLIOSMAN IBRAIM IMAMOV,ALLIOSMAN IBRAIM IMAMOV,aliosman.imamov@gmail.com,,,Movement for Rights and Freedoms,movement_for_rights_and_freedoms,1,БЛАГОЕВГРАД,National Assembly,41,,,http://www.parliament.bg/images/Assembly/835.png,
f8d117ec-a31f-42fc-b5f5-0ef074e1049e,ANASTAS VASILEV ANASTASOV,ANASTAS VASILEV ANASTASOV,anastas.anastasov@parliament.bg,,,Political Party GERB,political_party_gerb,31,ЯМБОЛ,National Assembly,41,,2010-07-14,http://www.parliament.bg/images/Assembly/1071.png,
110c0c48-a131-49b8-b27f-e58f6e58db02,ANATOLIY VELIKOV YORDANOV,ANATOLIY VELIKOV YORDANOV,anatoliy.yordanov@parliament.bg,,,Political Party GERB,political_party_gerb,11,ЛОВЕЧ,National Assembly,41,,,http://www.parliament.bg/images/Assembly/912.png,
32b73737-0eea-4003-af40-022278018fb5,ANDREI LAZAROV PANTEV,ANDREI LAZAROV PANTEV,a.pantev@parliament.bg,,,Coalition for Bulgaria,coalition_for_bulgaria,3,ВАРНА,National Assembly,41,,,http://www.parliament.bg/images/Assembly/857.png,
421cd404-37fd-4796-b0ad-04b3f4304bb9,ANGEL GEORGIEV DASKALOV,ANGEL GEORGIEV DASKALOV,angel.daskalov@parliament.bg,,,Political Party GERB,political_party_gerb,13,ПАЗАРДЖИК,National Assembly,41,,,http://www.parliament.bg/images/Assembly/923.png,
dd742b6a-8e35-41ad-b848-0a99defd990e,ANGEL PETROV NAYDENOV,ANGEL PETROV NAYDENOV,ANaydenov@parliament.bg,,,Coalition for Bulgaria,coalition_for_bulgaria,14,ПЕРНИК,National Assembly,41,,2009-07-29,http://www.parliament.bg/images/Assembly/932.png,
dd742b6a-8e35-41ad-b848-0a99defd990e,ANGEL PETROV NAYDENOV,ANGEL PETROV NAYDENOV,ANaydenov@parliament.bg,,,Coalition for Bulgaria,coalition_for_bulgaria,14,ПЕРНИК,National Assembly,41,2009-07-29,,http://www.parliament.bg/images/Assembly/932.png,
dfe68cc4-82a6-4469-9947-0686a5b3d52d,ANNA GEORGIEVA YANEVA,ANNA GEORGIEVA YANEVA,anna.yaneva@parliament.bg,,,Coalition for Bulgaria,coalition_for_bulgaria,23,СОФИЯ 1,National Assembly,41,,2012-06-29,http://www.parliament.bg/images/Assembly/1000.png,
ed33c40c-0943-4496-bbb3-65649c625630,ANTON KONSTANTINOV KUTEV,ANTON KONSTANTINOV KUTEV,anton.kutev@parliament.bg,,,Coalition for Bulgaria,coalition_for_bulgaria,20,СИЛИСТРА,National Assembly,41,,,http://www.parliament.bg/images/Assembly/981.png,
42b62b35-621a-415c-982f-7a5a213a3aca,ANTONIY VENCISLAVOV KRASTEV,ANTONIY VENCISLAVOV KRASTEV,a.krustev@parliament.bg,,,Political Party GERB,political_party_gerb,23,СОФИЯ 1,National Assembly,41,2012-04-06,,http://www.parliament.bg/images/Assembly/1129.png,
2893b967-f977-437c-ac49-af3f618c6e56,ANTONIY YORDANOV YORDANOV,ANTONIY YORDANOV YORDANOV,antoniy.yordanov@parliament.bg,,,Political Party GERB,political_party_gerb,16,ПЛОВДИВ ГРАД,National Assembly,41,2009-08-26,,http://www.parliament.bg/images/Assembly/1082.png,
3013c01e-9262-43cc-af10-479792435c22,ARIF SAMI AGUSH,ARIF SAMI AGUSH,arif.agush@parliament.bg,,,Movement for Rights and Freedoms,movement_for_rights_and_freedoms,22,СМОЛЯН,National Assembly,41,,,http://www.parliament.bg/images/Assembly/993.png,
8c40ecc6-763f-49f7-bdef-4d6207a4b02e,ASEN DIMITROV GAGAUZOV,ASEN DIMITROV GAGAUZOV,asen.gagauzov@parliament.bg,,,Coalition for Bulgaria,coalition_for_bulgaria,21,СЛИВЕН,National Assembly,41,,,http://www.parliament.bg/images/Assembly/986.png,
d07e3477-a478-43ef-b2eb-9febc4d815d5,ASPARUH BOCHEV STAMENOV,ASPARUH BOCHEV STAMENOV,asparuh.stamenov@parliament.bg,,,Political Party GERB,political_party_gerb,4,ВЕЛИКО ТЪРНОВО,National Assembly,41,2009-07-30,,http://www.parliament.bg/images/Assembly/1080.png,
258d6d16-b991-4c1e-a73b-ce52454c6112,ASSEN YORDANOV AGOV,ASSEN YORDANOV AGOV,Agov@parliament.bg,,,"The Blue Coalition - UtDF, DSB, The United Agrarians, BSDP, RDP","the_blue_coalition_-_utdf,_dsb,_the_united_agrarians,_bsdp,_rdp",6,ВРАЦА,National Assembly,41,,,http://www.parliament.bg/images/Assembly/883.png,
d64203ec-26e4-411e-b76a-9443ff00a79f,ATANAS MARKOV SEMOV,ATANAS MARKOV SEMOV,semov@parliament.bg,,,Independent,independent,23,СОФИЯ 1,National Assembly,41,2009-12-10,2010-02-16,http://www.parliament.bg/images/Assembly/1001.png,
82b1c523-c9f1-4bcb-bf6a-2f153b303357,ATANAS STANKEV KAMBITOV,ATANAS STANKEV KAMBITOV,atanas.kambitov@parliament.bg,,,Political Party GERB,political_party_gerb,1,БЛАГОЕВГРАД,National Assembly,41,,2011-11-04,http://www.parliament.bg/images/Assembly/836.png,
6f2b5e32-6164-4182-95e5-5045f24ffdb2,ATANAS TODOROV MERDJANOV,ATANAS TODOROV MERDJANOV,atanas.merdjanov@parliament.bg,,,Coalition for Bulgaria,coalition_for_bulgaria,31,ЯМБОЛ,National Assembly,41,,2012-09-25,http://www.parliament.bg/images/Assembly/1072.png,
6f2b5e32-6164-4182-95e5-5045f24ffdb2,ATANAS TODOROV MERDJANOV,ATANAS TODOROV MERDJANOV,atanas.merdjanov@parliament.bg,,,Coalition for Bulgaria,coalition_for_bulgaria,31,ЯМБОЛ,National Assembly,41,2012-09-25,,http://www.parliament.bg/images/Assembly/1072.png,
576a44af-b4e8-40bd-90c3-d8e6e1164635,BELGIN FIKRI SHUKRI,BELGIN FIKRI SHUKRI,belgin@parliament.bg,,,Movement for Rights and Freedoms,movement_for_rights_and_freedoms,18,РАЗГРАД,National Assembly,41,,,http://www.parliament.bg/images/Assembly/968.png,
0dbfcebc-fa2f-4a59-8a71-c68e43580974,BORIS KRUMOV GROZDANOV,BORIS KRUMOV GROZDANOV,boris.grozdanov@parliament.bg,,,Political Party GERB,political_party_gerb,23,СОФИЯ 1,National Assembly,41,,,http://www.parliament.bg/images/Assembly/998.png,
753ed494-8cce-4cb3-bacd-d18adfb3953e,BORISLAV TODOROV STOYANOV,BORISLAV TODOROV STOYANOV,b.stoyanov@parliament.bg,,,ATAKA Party,ataka_party,4,ВЕЛИКО ТЪРНОВО,National Assembly,41,,2011-12-21,http://www.parliament.bg/images/Assembly/871.png,
753ed494-8cce-4cb3-bacd-d18adfb3953e,BORISLAV TODOROV STOYANOV,BORISLAV TODOROV STOYANOV,b.stoyanov@parliament.bg,,,Independent,independent,4,ВЕЛИКО ТЪРНОВО,National Assembly,41,2011-12-21,,http://www.parliament.bg/images/Assembly/871.png,
06d794e6-7704-4f58-bc97-83e037d1ad5d,BOYKO STEFANOV VELIKOV,BOYKO STEFANOV VELIKOV,boyko.velikov@parliament.bg,,,Coalition for Bulgaria,coalition_for_bulgaria,4,ВЕЛИКО ТЪРНОВО,National Assembly,41,,,http://www.parliament.bg/images/Assembly/870.png,
d0c0643a-e5d6-44a7-b3bb-9e0925e0eb4c,BYURHAN ILIYAZOV ABAZOV,BYURHAN ILIYAZOV ABAZOV,,,,Movement for Rights and Freedoms,movement_for_rights_and_freedoms,19,РУСЕ,National Assembly,41,,2009-10-07,http://www.parliament.bg/images/Assembly/973.png,
711a8e0b-8664-476e-821b-4b84139723d9,DANIEL GEORGIEV GEORGIEV,DANIEL GEORGIEV GEORGIEV,daniel.georgiev@parliament.bg,,,Political Party GERB,political_party_gerb,26,СОФИЯ ОБЛАСТ,National Assembly,41,,,http://www.parliament.bg/images/Assembly/1032.png,
e1f48ed3-ea4d-4692-a6b8-93fd4c89bc96,DANIELA ANASTASOVA DARITKOVA-PRODANOVA,DANIELA ANASTASOVA DARITKOVA-PRODANOVA,daniela.daritkova@parliament.bg,,,Political Party GERB,political_party_gerb,22,СМОЛЯН,National Assembly,41,,,http://www.parliament.bg/images/Assembly/994.png,
14fc7a05-2506-4869-ae67-970cb3557f3f,DANIELA DIMITROVA MITKOVA,DANIELA DIMITROVA MITKOVA,daniela.mitkova@parliament.bg,,,Political Party GERB,political_party_gerb,19,РУСЕ,National Assembly,41,,,http://www.parliament.bg/images/Assembly/974.png,
ca0b1e20-dcb3-4b3a-ae09-2cb9e3c910be,DANIELA MARINOVA PETROVA,DANIELA MARINOVA PETROVA,daniela.petrova@parliament.bg,,,Political Party GERB,political_party_gerb,3,ВАРНА,National Assembly,41,,,http://www.parliament.bg/images/Assembly/858.png,
97ce21d1-d291-47e4-a6f3-57e3ee6d5ec3,DARIN VELICHKOV MATOV,DARIN VELICHKOV MATOV,d.matov@parliament.bg,,,"Order, Lawfulness, Justice","order,_lawfulness,_justice",15,ПЛЕВЕН,National Assembly,41,,2009-12-09,http://www.parliament.bg/images/Assembly/938.png,
97ce21d1-d291-47e4-a6f3-57e3ee6d5ec3,DARIN VELICHKOV MATOV,DARIN VELICHKOV MATOV,d.matov@parliament.bg,,,Independent,independent,15,ПЛЕВЕН,National Assembly,41,2009-12-09,,http://www.parliament.bg/images/Assembly/938.png,
ec761370-c8d5-41aa-9948-7290997a5d71,DELIAN ALEXANDROV DOBREV,DELIAN ALEXANDROV DOBREV,delian.dobrev@parliament.bg,,,Political Party GERB,political_party_gerb,29,ХАСКОВО,National Assembly,41,,2011-05-19,http://www.parliament.bg/images/Assembly/1057.png,
ca67742b-e239-491a-849b-48230051b9d4,DELYAN SLAVCHEV PEEVSKI,DELYAN SLAVCHEV PEEVSKI,delyan.peevski@parliament.bg,,,Movement for Rights and Freedoms,movement_for_rights_and_freedoms,13,ПАЗАРДЖИК,National Assembly,41,,,http://www.parliament.bg/images/Assembly/927.png,
dccfcd51-8e23-4c2b-b3f2-0b9cc5e111d9,DENITSA STOILOVA GADZHEVA,DENITSA STOILOVA GADZHEVA,"dgajeva@abv.bg,denitsa.gadjeva@parliament.bg",,,ATAKA Party,ataka_party,24,СОФИЯ 2,National Assembly,41,,,http://www.parliament.bg/images/Assembly/1013.png,
cf065fcf-d5d2-4b2c-b800-beb7be34af6c,DESISLAV SLAVOV CHUKOLOV,DESISLAV SLAVOV CHUKOLOV,D.Chukolov@parliament.bg,,,ATAKA Party,ataka_party,15,ПЛЕВЕН,National Assembly,41,,,http://www.parliament.bg/images/Assembly/939.png,
a8352793-f5c3-4784-a76e-4237262a7013,DESISLAVA VALCHEVA ATANASOVA,DESISLAVA VALCHEVA ATANASOVA,desislava.atanasova@parliament.bg,,,Political Party GERB,political_party_gerb,19,РУСЕ,National Assembly,41,,2012-03-21,http://www.parliament.bg/images/Assembly/975.png,
54ca1e1b-db33-4be9-826e-dec91e03447e,DESISLAVA ZHEKOVA TANEVA,DESISLAVA ZHEKOVA TANEVA,desislava.taneva@parliament.bg,,,Political Party GERB,political_party_gerb,21,СЛИВЕН,National Assembly,41,,,http://www.parliament.bg/images/Assembly/987.png,
849113e4-2da0-4292-b2bc-eda34715eaff,DIAN TODOROV CHERVENKONDEV,DIAN TODOROV CHERVENKONDEV,dian.chervenkondev@parliament.bg,,,Political Party GERB,political_party_gerb,21,СЛИВЕН,National Assembly,41,,,http://www.parliament.bg/images/Assembly/988.png,
d1f3fe0c-b135-4379-84db-f7e61a575681,DIANA IVANOVA YORDANOVA,DIANA IVANOVA YORDANOVA,diana.yordanova@parliament.bg,,,Political Party GERB,political_party_gerb,2,БУРГАС,National Assembly,41,2011-11-09,,http://www.parliament.bg/images/Assembly/1114.png,
34c8e0d3-2dc0-4e38-b268-1af308bc7bf7,DIMCHO DIMITROV MIHALEVSKI,DIMCHO DIMITROV MIHALEVSKI,dimcho.mihalevski@parliament.bg,,,Coalition for Bulgaria,coalition_for_bulgaria,22,СМОЛЯН,National Assembly,41,,2012-09-25,http://www.parliament.bg/images/Assembly/995.png,
34c8e0d3-2dc0-4e38-b268-1af308bc7bf7,DIMCHO DIMITROV MIHALEVSKI,DIMCHO DIMITROV MIHALEVSKI,dimcho.mihalevski@parliament.bg,,,Coalition for Bulgaria,coalition_for_bulgaria,22,СМОЛЯН,National Assembly,41,2012-09-25,,http://www.parliament.bg/images/Assembly/995.png,
d8d5c03a-e7df-47cf-8286-34e24ac4e81f,DIMITAR ANASTASOV KARBOV,DIMITAR ANASTASOV KARBOV,dimitar.karbov@parliament.bg,,,ATAKA Party,ataka_party,3,ВАРНА,National Assembly,41,,2011-12-21,http://www.parliament.bg/images/Assembly/859.png,
d8d5c03a-e7df-47cf-8286-34e24ac4e81f,DIMITAR ANASTASOV KARBOV,DIMITAR ANASTASOV KARBOV,dimitar.karbov@parliament.bg,,,Independent,independent,3,ВАРНА,National Assembly,41,2011-12-21,,http://www.parliament.bg/images/Assembly/859.png,
d5ec5fab-8139-40f8-ac38-6440c22c69b0,DIMITAR ANGELOV GOROV,DIMITAR ANGELOV GOROV,,,,Coalition for Bulgaria,coalition_for_bulgaria,11,ЛОВЕЧ,National Assembly,41,2009-11-17,,http://www.parliament.bg/images/Assembly/1085.png,
fa42a564-2820-4aab-acd0-f7b5f6e9ac99,DIMITAR ASSENOV KOLEV,DIMITAR ASSENOV KOLEV,d.kolev@parliament.bg,,,"Order, Lawfulness, Justice","order,_lawfulness,_justice",14,ПЕРНИК,National Assembly,41,,2009-12-09,http://www.parliament.bg/images/Assembly/934.png,
fa42a564-2820-4aab-acd0-f7b5f6e9ac99,DIMITAR ASSENOV KOLEV,DIMITAR ASSENOV KOLEV,d.kolev@parliament.bg,,,Independent,independent,14,ПЕРНИК,National Assembly,41,2009-12-09,,http://www.parliament.bg/images/Assembly/934.png,
92e6ad7d-7a95-4fba-98c8-32c3dffc0728,DIMITAR BORISOV GLAVCHEV,DIMITAR BORISOV GLAVCHEV,dimitar.glavchev@parliament.bg,,,Political Party GERB,political_party_gerb,23,СОФИЯ 1,National Assembly,41,,2011-02-16,http://www.parliament.bg/images/Assembly/1003.png,
92e6ad7d-7a95-4fba-98c8-32c3dffc0728,DIMITAR BORISOV GLAVCHEV,DIMITAR BORISOV GLAVCHEV,dimitar.glavchev@parliament.bg,,,Political Party GERB,political_party_gerb,23,СОФИЯ 1,National Assembly,41,2011-02-16,,http://www.parliament.bg/images/Assembly/1003.png,
510b071a-5737-412d-b2a2-76a1f04e34eb,DIMITAR BOYCHEV PETROV,DIMITAR BOYCHEV PETROV,dimitar.boychev@parliament.bg,,,Political Party GERB,political_party_gerb,2,БУРГАС,National Assembly,41,,,http://www.parliament.bg/images/Assembly/849.png,
6dcff5ac-2045-45d5-b54a-f9c423e1fb22,DIMITAR IORDANOV CHUKARSKY,DIMITAR IORDANOV CHUKARSKY,d.chukarski@parliament.bg,,,"Order, Lawfulness, Justice","order,_lawfulness,_justice",10,КЮСТЕНДИЛ,National Assembly,41,,2009-12-09,http://www.parliament.bg/images/Assembly/908.png,
6dcff5ac-2045-45d5-b54a-f9c423e1fb22,DIMITAR IORDANOV CHUKARSKY,DIMITAR IORDANOV CHUKARSKY,d.chukarski@parliament.bg,,,Independent,independent,10,КЮСТЕНДИЛ,National Assembly,41,2009-12-09,,http://www.parliament.bg/images/Assembly/908.png,
b045e453-2fc1-4074-ac17-d3c1c969cecd,DIMITAR IVANOV AVRAMOV,DIMITAR IVANOV AVRAMOV,dimitar.avramov@parliament.bg,,,Political Party GERB,political_party_gerb,12,МОНТАНА,National Assembly,41,,2012-07-19,http://www.parliament.bg/images/Assembly/918.png,
2728bd74-7c38-4fe2-926c-4ad05adfa6de,DIMITAR NIKOLOV LAZAROV,DIMITAR NIKOLOV LAZAROV,dimitar.lazarov@parliament.bg,,,Political Party GERB,political_party_gerb,17,ПЛОВДИВ ОБЛАСТ,National Assembly,41,,,http://www.parliament.bg/images/Assembly/958.png,
06de621e-3945-4a0f-b86e-e99a4cd6a143,DIMITAR STOYANOV DABOV,DIMITAR STOYANOV DABOV,dimitar.dabov@parliament.bg,,,Coalition for Bulgaria,coalition_for_bulgaria,30,ШУМЕН,National Assembly,41,,,http://www.parliament.bg/images/Assembly/1065.png,
267f7869-8644-46d9-ae7e-148ad1772be2,DIMITAR YORDANOV ATANASOV,DIMITAR YORDANOV ATANASOV,dimitar.atanasov@parliament.bg,,,Political Party GERB,political_party_gerb,3,ВАРНА,National Assembly,41,,,http://www.parliament.bg/images/Assembly/860.png,
b3519699-157c-482a-b0dd-0580e1720549,DIMO GEORGIEV GYAUROV,DIMO GEORGIEV GYAUROV,dimo.gyaurov@parliament.bg,,,"The Blue Coalition - UtDF, DSB, The United Agrarians, BSDP, RDP","the_blue_coalition_-_utdf,_dsb,_the_united_agrarians,_bsdp,_rdp",16,ПЛОВДИВ ГРАД,National Assembly,41,,,http://www.parliament.bg/images/Assembly/948.png,
ed3c4c6f-96f0-4467-aea5-57aa7abccef3,DJEVDET IBRIAM CHAKAROV,DJEVDET IBRIAM CHAKAROV,djevdet.chakarov@parliament.bg,,,Movement for Rights and Freedoms,movement_for_rights_and_freedoms,2,БУРГАС,National Assembly,41,,,http://www.parliament.bg/images/Assembly/848.png,
742728a6-3c04-45b0-91bf-dc27fe060731,DOBRIN NENOV DANEV,DOBRIN NENOV DANEV,,,,Coalition for Bulgaria,coalition_for_bulgaria,19,РУСЕ,National Assembly,41,2012-06-06,,http://www.parliament.bg/images/Assembly/1132.png,
20f12723-201f-4d61-8ffe-9d139899ba02,DOBROSLAV DILIANOV DIMITROV,DOBROSLAV DILIANOV DIMITROV,dobroslav.dimitrov@parliament.bg,,,Political Party GERB,political_party_gerb,25,СОФИЯ 3,National Assembly,41,,,http://www.parliament.bg/images/Assembly/1025.png,
f085117e-95d7-4d37-9dc7-3ce58b6b1838,DRAGOMIR VELKOV STOYNEV,DRAGOMIR VELKOV STOYNEV,dragomir.stoynev@parliament.bg,,,Coalition for Bulgaria,coalition_for_bulgaria,26,СОФИЯ ОБЛАСТ,National Assembly,41,2009-07-29,,http://www.parliament.bg/images/Assembly/1033.png,
6adc0ec0-01ac-4381-aeaf-a8faf7c4de74,DURHAN MEHMED MUSTAFA,DURHAN MEHMED MUSTAFA,DMustafa@parliament.bg,,,Movement for Rights and Freedoms,movement_for_rights_and_freedoms,2,БУРГАС,National Assembly,41,,,http://www.parliament.bg/images/Assembly/850.png,
8c237df4-a9b7-4f97-8ceb-9fb320495b34,DZHEMA MARINOVA GROZDANOVA,DZHEMA MARINOVA GROZDANOVA,dzhema.grozdanova@parliament.bg,,,Political Party GERB,political_party_gerb,24,СОФИЯ 2,National Assembly,41,,,http://www.parliament.bg/images/Assembly/1014.png,
c683bbfe-f893-41b3-b92e-dfc54bd3d56e,ELIN ELINOV ANDREEV,ELIN ELINOV ANDREEV,elin.andreev@parliament.bg,,,Movement for Rights and Freedoms,movement_for_rights_and_freedoms,22,СМОЛЯН,National Assembly,41,,,http://www.parliament.bg/images/Assembly/996.png,
0093c559-dcc3-481a-948e-3edd16f73e15,EMANOUELA ZDRAVKOVA SPASSOVA,EMANOUELA ZDRAVKOVA SPASSOVA,emanouela.spassova@parliament.bg,,,Political Party GERB,political_party_gerb,23,СОФИЯ 1,National Assembly,41,,,http://www.parliament.bg/images/Assembly/1004.png,
051f7171-ec31-400c-a370-ebf42683573d,EMEL ETEM TOSHKOVA,EMEL ETEM TOSHKOVA,emel.etem@parliament.bg,,,Movement for Rights and Freedoms,movement_for_rights_and_freedoms,19,РУСЕ,National Assembly,41,,,http://www.parliament.bg/images/Assembly/976.png,
05e6b025-aea6-4e8c-84bd-a6068191a5e3,EMIL DELCHEV DIMITROV,EMIL DELCHEV DIMITROV,emil.dimitrov@parliament.bg,,,Political Party GERB,political_party_gerb,26,СОФИЯ ОБЛАСТ,National Assembly,41,,,http://www.parliament.bg/images/Assembly/1034.png,
e7888524-0b06-4c22-b840-9604e4e68a4c,EMIL DIMITROV GUSHTEROV,EMIL DIMITROV GUSHTEROV,emil.gushterov@parliament.bg,,,Political Party GERB,political_party_gerb,10,КЮСТЕНДИЛ,National Assembly,41,,,http://www.parliament.bg/images/Assembly/909.png,
e2214797-094e-4e7f-b5e4-22b0d40ee049,EMIL DIMITROV KARANIKOLOV,EMIL DIMITROV KARANIKOLOV,emil.karanikolov@parliament.bg,,,Political Party GERB,political_party_gerb,27,СТАРА ЗАГОРА,National Assembly,41,,,http://www.parliament.bg/images/Assembly/1041.png,
6365c9f0-b51e-4d9a-a43c-c2bcac992425,EMIL GENOV VASILEV,EMIL GENOV VASILEV,advvasilev@abv.bg,,,Independent,independent,4,ВЕЛИКО ТЪРНОВО,National Assembly,41,2010-04-14,,http://www.parliament.bg/images/Assembly/1088.png,
ac1ac294-347b-42d3-bf03-e2ad073bbe13,EMIL KIRILOV IVANOV,EMIL KIRILOV IVANOV,emil.ivanov@parliament.bg,,,Movement for Rights and Freedoms,movement_for_rights_and_freedoms,26,СОФИЯ ОБЛАСТ,National Assembly,41,,,http://www.parliament.bg/images/Assembly/1035.png,
893350fc-3eee-419b-a8d5-638323b40ab3,EMIL YORDANOV RADEV,EMIL YORDANOV RADEV,emil.radev@parliament.bg,,,Political Party GERB,political_party_gerb,3,ВАРНА,National Assembly,41,,,http://www.parliament.bg/images/Assembly/861.png,
7a20c0d9-99e8-407e-a5a4-0806a8338bf7,EMILYA RADKOVA MASLAROVA,EMILYA RADKOVA MASLAROVA,e.maslarova@parliament.bg,,,Coalition for Bulgaria,coalition_for_bulgaria,29,ХАСКОВО,National Assembly,41,,,http://www.parliament.bg/images/Assembly/1058.png,
f6836fae-6774-4732-8e59-98e0befa51ba,ERDOAN MUSTAFOV AHMEDOV,ERDOAN MUSTAFOV AHMEDOV,erdoan.ahmedov@parliament.bg,,,Movement for Rights and Freedoms,movement_for_rights_and_freedoms,28,ТЪРГОВИЩЕ,National Assembly,41,,,http://www.parliament.bg/images/Assembly/1051.png,
b1af9891-5dc1-48c4-ae3e-6018a74f88a3,EVGENI DIMITROV STOEV,EVGENI DIMITROV STOEV,evgeni.stoev@parliament.bg,,,Political Party GERB,political_party_gerb,4,ВЕЛИКО ТЪРНОВО,National Assembly,41,,,http://www.parliament.bg/images/Assembly/873.png,
4c4efb30-19e6-4b79-a15a-071dfe061699,EVGENIY VASILEV UZUNOV,EVGENIY VASILEV UZUNOV,evgeniy.uzunov@parliament.bg,,,Coalition for Bulgaria,coalition_for_bulgaria,11,ЛОВЕЧ,National Assembly,41,,2009-11-11,http://www.parliament.bg/images/Assembly/913.png,
b3deb329-9a29-4607-9bfa-517d96da5cfa,EVGENIY ZHELEV ZHELEV,EVGENIY ZHELEV ZHELEV,evgeniy.zhelev@parliament.bg,,,Coalition for Bulgaria,coalition_for_bulgaria,27,СТАРА ЗАГОРА,National Assembly,41,,,http://www.parliament.bg/images/Assembly/1040.png,
26f492ec-edf2-420f-9060-2496bcad7850,FANI IVANOVA HRISTOVA,FANI IVANOVA HRISTOVA,fani.hristova@parliament.bg,,,Political Party GERB,political_party_gerb,29,ХАСКОВО,National Assembly,41,,,http://www.parliament.bg/images/Assembly/1062.png,
ec5a7066-942e-4b2d-826a-724376fe9381,GALINA DIMITROVA BANKOVSKA,GALINA DIMITROVA BANKOVSKA,galina.bankovska@parliament.bg,,,Political Party GERB,political_party_gerb,7,ГАБРОВО,National Assembly,41,,,http://www.parliament.bg/images/Assembly/890.png,
a0d17139-3884-4538-a1c5-bbacc7644d53,GALINA STEFANOVA MILEVA-GEORGIEVA,GALINA STEFANOVA MILEVA-GEORGIEVA,galina.mileva@parliament.bg,,,Political Party GERB,political_party_gerb,2,БУРГАС,National Assembly,41,,,http://www.parliament.bg/images/Assembly/847.png,
9fdea36d-4f7e-42df-8c12-ad06110edf9d,GENOVEVA IVANOVA ALEKSIEVA,GENOVEVA IVANOVA ALEKSIEVA,genoveva.aleksieva@parliament.bg,,,Political Party GERB,political_party_gerb,24,СОФИЯ 2,National Assembly,41,,,http://www.parliament.bg/images/Assembly/1012.png,
38eea53e-c8a5-43ab-925a-c65fb61577fc,GEORGI CHAVDAROV ANASTASOV,GEORGI CHAVDAROV ANASTASOV,G.Anastasov@parliament.bg,,,Coalition for Bulgaria,coalition_for_bulgaria,15,ПЛЕВЕН,National Assembly,41,,,http://www.parliament.bg/images/Assembly/937.png,
bac47e3f-baa7-46f3-b04b-277f2524d406,GEORGI DANAILOV PETARNEYCHEV,GEORGI DANAILOV PETARNEYCHEV,georgi.petarneychev@parliament.bg,,,Coalition for Bulgaria,coalition_for_bulgaria,13,ПАЗАРДЖИК,National Assembly,41,,,http://www.parliament.bg/images/Assembly/925.png,
141ebde4-27db-4ada-8cdd-f899b92a3ef0,GEORGI GEORGIEV PLACHKOV,GEORGI GEORGIEV PLACHKOV,georgi.plachkov@parliament.bg,,,Political Party GERB,political_party_gerb,17,ПЛОВДИВ ОБЛАСТ,National Assembly,41,,,http://www.parliament.bg/images/Assembly/957.png,
564cb9c0-e1ca-4df6-be0c-ab7ae4e647bb,GEORGI IVANOV ANDONOV,GEORGI IVANOV ANDONOV,georgi.andonov@parliament.bg,,,Political Party GERB,political_party_gerb,1,БЛАГОЕВГРАД,National Assembly,41,,,http://www.parliament.bg/images/Assembly/837.png,
95591c9e-e3a4-4548-b52e-47652536b683,GEORGI IVANOV IKONOMOV,GEORGI IVANOV IKONOMOV,georgi.ikonomov@parliament.bg,,,Political Party GERB,political_party_gerb,1,БЛАГОЕВГРАД,National Assembly,41,,2011-11-04,http://www.parliament.bg/images/Assembly/838.png,
f4ba1f83-3163-41e2-9eda-32122e2c4bfa,GEORGI TODOROV BOZHINOV,GEORGI TODOROV BOZHINOV,gbojinov@parliament.bg,,,Coalition for Bulgaria,coalition_for_bulgaria,6,ВРАЦА,National Assembly,41,,,http://www.parliament.bg/images/Assembly/885.png,
dee41218-0003-4ea6-8d0e-2cc0b051a1f4,GEORGI TSVYATKOV TERZIYSKI,GEORGI TSVYATKOV TERZIYSKI,georgi.terziyski@.parliament.bg,,,Independent,independent,7,ГАБРОВО,National Assembly,41,2010-02-24,,http://www.parliament.bg/images/Assembly/1086.png,
224eadc9-bb8b-410a-85f5-fe17cdb4f764,GEORGI VELKOV KOLEV,GEORGI VELKOV KOLEV,georgi.kolev@parliament.bg,,,Movement for Rights and Freedoms,movement_for_rights_and_freedoms,30,ШУМЕН,National Assembly,41,,2011-11-01,http://www.parliament.bg/images/Assembly/1064.png,
a387fdb6-fb47-48a8-8130-118bd065a5f8,GINCHE DIMITROVA KARAMINOVA,GINCHE DIMITROVA KARAMINOVA,"ginche.karaminova@parliament.bg, karaminova@abv.bg",,,Political Party GERB,political_party_gerb,13,ПАЗАРДЖИК,National Assembly,41,,,http://www.parliament.bg/images/Assembly/926.png,
cf92ca36-0181-4d0c-b976-f8cde9a89b81,GYUNAY HASAN SEFER,GYUNAY HASAN SEFER,gyunay.sefer@parliament.bg,,,Movement for Rights and Freedoms,movement_for_rights_and_freedoms,20,СИЛИСТРА,National Assembly,41,,,http://www.parliament.bg/images/Assembly/982.png,
69708cff-486f-43bf-bfba-ad660da5ce42,GYUNER FARIZ SERBEST,GYUNER FARIZ SERBEST,G.Serbest@parliament.bg,,,Movement for Rights and Freedoms,movement_for_rights_and_freedoms,29,ХАСКОВО,National Assembly,41,,,http://www.parliament.bg/images/Assembly/1056.png,
84383584-b3a5-4087-8fce-104152567ed8,HAMID BARI HAMID,HAMID BARI HAMID,hamid.hamid@parliament.bg,,,Movement for Rights and Freedoms,movement_for_rights_and_freedoms,30,ШУМЕН,National Assembly,41,2011-11-09,,http://www.parliament.bg/images/Assembly/1113.png,
bfe25073-4a5e-49cd-8a74-c6026837a188,HASAN AHMED ADEMOV,HASAN AHMED ADEMOV,ademov@parliament.bg,,,Movement for Rights and Freedoms,movement_for_rights_and_freedoms,18,РАЗГРАД,National Assembly,41,,,http://www.parliament.bg/images/Assembly/972.png,
19f0f7bc-c592-43be-b9d3-66583ceedadd,HASAN ILYAZ HADZHIHASAN,HASAN ILYAZ HADZHIHASAN,H.Hadjihasan@parliament.bg,,,Movement for Rights and Freedoms,movement_for_rights_and_freedoms,4,ВЕЛИКО ТЪРНОВО,National Assembly,41,,,http://www.parliament.bg/images/Assembly/875.png,
30a6ec23-a9a4-4654-83c2-016b14964fa3,HRISTINA IVANOVA YANCHEVA,HRISTINA IVANOVA YANCHEVA,hristina.yancheva@parliament.bg,,,Political Party GERB,political_party_gerb,15,ПЛЕВЕН,National Assembly,41,,,http://www.parliament.bg/images/Assembly/944.png,
743177e7-e36a-475b-9ac8-c592b4f0a575,HRISTO DIMITROV HRISTOV,HRISTO DIMITROV HRISTOV,hristo.hristov@parliament.bg,,,Political Party GERB,political_party_gerb,4,ВЕЛИКО ТЪРНОВО,National Assembly,41,,,http://www.parliament.bg/images/Assembly/876.png,
4fd4b560-9517-4002-b23c-7e72d1318efa,HRISTO GEORGIEV CHAUSHEV,HRISTO GEORGIEV CHAUSHEV,,,,Political Party GERB,political_party_gerb,27,СТАРА ЗАГОРА,National Assembly,41,2012-01-25,,http://www.parliament.bg/images/Assembly/1122.png,
5afe274f-8d36-41b2-b02e-60aa120835b6,HRISTOFOR NEDELCHEV ACHKOV,HRISTOFOR NEDELCHEV ACHKOV,,,,Political Party GERB,political_party_gerb,11,ЛОВЕЧ,National Assembly,41,2012-05-22,,http://www.parliament.bg/images/Assembly/1131.png,
c0d97503-d762-4be6-abf0-badfc9341c1c,ILIA IVANOV PACHEV,ILIA IVANOV PACHEV,iliya.pashev@parliament.bg,,,Political Party GERB,political_party_gerb,17,ПЛОВДИВ ОБЛАСТ,National Assembly,41,,,http://www.parliament.bg/images/Assembly/959.png,
0dc4edac-6e3a-4add-a50c-8847c77adbf2,IOANA MILTCHEVA KIROVA,IOANA MILTCHEVA KIROVA,ioana.kirova@parliament.bg,,,Political Party GERB,political_party_gerb,25,СОФИЯ 3,National Assembly,41,,,http://www.parliament.bg/images/Assembly/1028.png,
4dacf2f5-e5e2-4429-b91f-d151d7979f93,IRENA LYUBENOVA SOKOLOVA,IRENA LYUBENOVA SOKOLOVA,i.sokolova@parliament.bg,,,Political Party GERB,political_party_gerb,14,ПЕРНИК,National Assembly,41,,,http://www.parliament.bg/images/Assembly/935.png,
cbc8af19-c912-4c77-b20e-9bc3f143b261,ISKRA DIMITROVA MIHAYLOVA-KOPAROVA,ISKRA DIMITROVA MIHAYLOVA-KOPAROVA,i.mihailova@parliament.bg,,,Movement for Rights and Freedoms,movement_for_rights_and_freedoms,13,ПАЗАРДЖИК,National Assembly,41,,,http://www.parliament.bg/images/Assembly/929.png,
33675357-796f-4a07-ab5c-ad1e79e122df,ISKRA FIDOSOVA ISKRENOVA,ISKRA FIDOSOVA ISKRENOVA,fidosova@gbg.bg,,,Political Party GERB,political_party_gerb,12,МОНТАНА,National Assembly,41,,2009-07-27,http://www.parliament.bg/images/Assembly/919.png,
33675357-796f-4a07-ab5c-ad1e79e122df,ISKRA FIDOSOVA ISKRENOVA,ISKRA FIDOSOVA ISKRENOVA,fidosova@gbg.bg,,,Political Party GERB,political_party_gerb,12,МОНТАНА,National Assembly,41,2009-07-28,2011-02-09,http://www.parliament.bg/images/Assembly/919.png,
33675357-796f-4a07-ab5c-ad1e79e122df,ISKRA FIDOSOVA ISKRENOVA,ISKRA FIDOSOVA ISKRENOVA,fidosova@gbg.bg,,,Political Party GERB,political_party_gerb,12,МОНТАНА,National Assembly,41,2011-02-09,,http://www.parliament.bg/images/Assembly/919.png,
9bff67ac-b42d-4b73-9c20-0e2b8ec51f95,IVAN ATANASOV ALEKSIEV,IVAN ATANASOV ALEKSIEV,ivan.aleksiev@parliament.bg: aleksiev_ivan@abv.bg,,,Political Party GERB,political_party_gerb,2,БУРГАС,National Assembly,41,2009-07-27,2011-11-04,http://www.parliament.bg/images/Assembly/1075.png,
0d83111f-f7ea-48af-b09b-087930ba4b91,IVAN BORISOV TOTEV,IVAN BORISOV TOTEV,,,,Political Party GERB,political_party_gerb,16,ПЛОВДИВ ГРАД,National Assembly,41,,2009-08-20,http://www.parliament.bg/images/Assembly/951.png,
69adf658-ea24-4418-91bc-7ef03900ba60,IVAN DECHKOV KOLEV,IVAN DECHKOV KOLEV,ivan.kolev@parliament.bg,,,Political Party GERB,political_party_gerb,27,СТАРА ЗАГОРА,National Assembly,41,,,http://www.parliament.bg/images/Assembly/1043.png,
f47c17c4-3c0e-49bc-b9d4-5484ff0b3a8c,IVAN DIMITROV IVANOV,IVAN DIMITROV IVANOV,ivan.ivanov@parliament.bg,,,Political Party GERB,political_party_gerb,13,ПАЗАРДЖИК,National Assembly,41,,,http://www.parliament.bg/images/Assembly/928.png,
725f86c0-edb3-4988-aaa1-ee640ec60c3c,IVAN JORDANOV KOSTOV,IVAN JORDANOV KOSTOV,"ivan.kostov@parliament.bg, dsb@nt14.parliament.bg",,,"The Blue Coalition - UtDF, DSB, The United Agrarians, BSDP, RDP","the_blue_coalition_-_utdf,_dsb,_the_united_agrarians,_bsdp,_rdp",23,СОФИЯ 1,National Assembly,41,,,http://www.parliament.bg/images/Assembly/1005.png,
aaa9f244-5529-4bd9-882e-a67fcd576e30,IVAN NIKOLAEV IVANOV,IVAN NIKOLAEV IVANOV,ivan.n.ivanov@parliament.bg; dsbivanov@yahoo.com,,,"The Blue Coalition - UtDF, DSB, The United Agrarians, BSDP, RDP","the_blue_coalition_-_utdf,_dsb,_the_united_agrarians,_bsdp,_rdp",27,СТАРА ЗАГОРА,National Assembly,41,,,http://www.parliament.bg/images/Assembly/1044.png,
d663d2d2-18a2-4092-876c-44fbb50928bf,IVAN PETROV IVANOV,IVAN PETROV IVANOV,ivan.petrov@parliament.bg,,,Political Party GERB,political_party_gerb,29,ХАСКОВО,National Assembly,41,,,http://www.parliament.bg/images/Assembly/1059.png,
5d8b8c64-46e8-41e3-9db5-eab291edf5aa,IVAN STEFANOV VALKOV,IVAN STEFANOV VALKOV,"i.valkov@parliament.bg, ivalkovv@parliament.bg",,,Political Party GERB,political_party_gerb,2,БУРГАС,National Assembly,41,,,http://www.parliament.bg/images/Assembly/851.png,
fd7ec532-e31d-4710-8827-78cdda0e3912,IVAN TODOROV IVANOV,IVAN TODOROV IVANOV,ivan.todorov@parliament.bg,,,Political Party GERB,political_party_gerb,7,ГАБРОВО,National Assembly,41,,2011-11-04,http://www.parliament.bg/images/Assembly/891.png,
565e045e-ecba-4cf4-841d-470f6ab7e2bb,IVAN YORDANOV BOZHILOV,IVAN YORDANOV BOZHILOV,ivan.bozhilov@parliament.bg,,,Political Party GERB,political_party_gerb,25,СОФИЯ 3,National Assembly,41,,,http://www.parliament.bg/images/Assembly/1027.png,
a8d67f56-60d7-4517-9cbe-cfe10a3b9e43,IVAYLO GEORGIEV TOSHEV,IVAYLO GEORGIEV TOSHEV,ivaylo.toshev@parliament.bg,,,Political Party GERB,political_party_gerb,30,ШУМЕН,National Assembly,41,,,http://www.parliament.bg/images/Assembly/1066.png,
f7b8f09d-39d3-4f09-a48d-b5f333dec16e,IVELIN NIKOLAEV NIKOLOV,IVELIN NIKOLAEV NIKOLOV,ivelin.nikolov@parliament.bg,,,Political Party GERB,political_party_gerb,15,ПЛЕВЕН,National Assembly,41,,,http://www.parliament.bg/images/Assembly/940.png,
6df20327-fb03-4f4f-9fe7-085cca89cf48,IVELIN NIKOLOV NIKOLOV,IVELIN NIKOLOV NIKOLOV,i.nikolov@parliament.bg,,,Coalition for Bulgaria,coalition_for_bulgaria,7,ГАБРОВО,National Assembly,41,,,http://www.parliament.bg/images/Assembly/892.png,
02b5cb1e-38bb-4974-982c-12042d78e4fb,IVO TENEV DIMOV,IVO TENEV DIMOV,ivo.dimov@parliament.bg,,,Political Party GERB,political_party_gerb,29,ХАСКОВО,National Assembly,41,,2011-11-04,http://www.parliament.bg/images/Assembly/1060.png,
593e7433-d6bc-407a-bb1f-747f2bc8a77d,JORDAN IWANOW BAKALOW,JORDAN IWANOW BAKALOW,jordan.bakalow@parliament.bg,,,"The Blue Coalition - UtDF, DSB, The United Agrarians, BSDP, RDP","the_blue_coalition_-_utdf,_dsb,_the_united_agrarians,_bsdp,_rdp",17,ПЛОВДИВ ОБЛАСТ,National Assembly,41,,,http://www.parliament.bg/images/Assembly/960.png,
025a1629-42fb-44a4-aa31-954ed0ea4ebd,JORDAN KIRILOV TZONEV,JORDAN KIRILOV TZONEV,jordan.tsonev@parliament.bg,,,Movement for Rights and Freedoms,movement_for_rights_and_freedoms,3,ВАРНА,National Assembly,41,,,http://www.parliament.bg/images/Assembly/862.png,
8be6eeea-c6ac-4269-b73b-d4a062c5a2e1,JUNAL TASIM TASIM,JUNAL TASIM TASIM,U.Tasim@parliament.bg,,,Movement for Rights and Freedoms,movement_for_rights_and_freedoms,9,КЪРДЖАЛИ,National Assembly,41,,,http://www.parliament.bg/images/Assembly/906.png,
8def950d-4499-4149-b33e-c0f94d70b30f,KALINA VENELINOVA KRUMOVA,KALINA VENELINOVA KRUMOVA,kalina.krumova@parliament.bg,,,ATAKA Party,ataka_party,21,СЛИВЕН,National Assembly,41,,2011-11-30,http://www.parliament.bg/images/Assembly/989.png,
8def950d-4499-4149-b33e-c0f94d70b30f,KALINA VENELINOVA KRUMOVA,KALINA VENELINOVA KRUMOVA,kalina.krumova@parliament.bg,,,Independent,independent,21,СЛИВЕН,National Assembly,41,2011-11-30,,http://www.parliament.bg/images/Assembly/989.png,
c1333f23-d5e7-4eac-b401-444100b0fd74,KAMEN KOSTOV KOSTADINOV,KAMEN KOSTOV KOSTADINOV,kamen.kostadinov@parliament.bg,,,Movement for Rights and Freedoms,movement_for_rights_and_freedoms,20,СИЛИСТРА,National Assembly,41,,,http://www.parliament.bg/images/Assembly/983.png,
f5808177-db09-48db-9771-d9124b69e326,KAMEN MARINOV PETKOV,KAMEN MARINOV PETKOV,kamen.petkov@parliament.bg,,,ATAKA Party,ataka_party,25,СОФИЯ 3,National Assembly,41,,2010-12-10,http://www.parliament.bg/images/Assembly/1029.png,
f5808177-db09-48db-9771-d9124b69e326,KAMEN MARINOV PETKOV,KAMEN MARINOV PETKOV,kamen.petkov@parliament.bg,,,Independent,independent,25,СОФИЯ 3,National Assembly,41,2010-12-10,,http://www.parliament.bg/images/Assembly/1029.png,
ff0d62ea-5aef-4746-9464-21867186dd42,KASIM ISMAIL DAL,KASIM ISMAIL DAL,kasim.dal@parliament.bg,,,Movement for Rights and Freedoms,movement_for_rights_and_freedoms,28,ТЪРГОВИЩЕ,National Assembly,41,,2011-01-20,http://www.parliament.bg/images/Assembly/1052.png,
ff0d62ea-5aef-4746-9464-21867186dd42,KASIM ISMAIL DAL,KASIM ISMAIL DAL,kasim.dal@parliament.bg,,,Independent,independent,28,ТЪРГОВИЩЕ,National Assembly,41,2011-01-20,,http://www.parliament.bg/images/Assembly/1052.png,
bb726e50-1956-47a8-8dc1-d228406dd95f,KATYA ANGELOVA CHALAKOVA,KATYA ANGELOVA CHALAKOVA,katya.chalakova@parliament.bg,,,Political Party GERB,political_party_gerb,29,ХАСКОВО,National Assembly,41,2011-11-09,,http://www.parliament.bg/images/Assembly/1119.png,
34d27b70-4494-4d06-96e9-d29602f7b443,KATYA KOSTOVA KOLEVA,KATYA KOSTOVA KOLEVA,katya.koleva@parliament.bg,,,Political Party GERB,political_party_gerb,7,ГАБРОВО,National Assembly,41,2011-11-09,,http://www.parliament.bg/images/Assembly/1115.png,
94c5c9f6-cbac-40fe-8f3e-2ada71c11353,KIRIL BOYANOV KALFIN,KIRIL BOYANOV KALFIN,kiril.kalfin@parliament.bg,,,Political Party GERB,political_party_gerb,10,КЮСТЕНДИЛ,National Assembly,41,,,http://www.parliament.bg/images/Assembly/910.png,
2f1124d0-ee8d-4034-a55d-70ba5de5a55d,KIRIL NIKOLAEV DOBREV,KIRIL NIKOLAEV DOBREV,kiril.dobrev@parliament.bg,,,Coalition for Bulgaria,coalition_for_bulgaria,26,СОФИЯ ОБЛАСТ,National Assembly,41,,,http://www.parliament.bg/images/Assembly/1036.png,
59ff041d-2f89-4738-ac3e-8280e99e3fdc,KIRIL VLADIMIROV GUMNEROV,KIRIL VLADIMIROV GUMNEROV,kiril.gumnerov@parliament.bg,,,ATAKA Party,ataka_party,11,ЛОВЕЧ,National Assembly,41,,2011-05-26,http://www.parliament.bg/images/Assembly/914.png,
59ff041d-2f89-4738-ac3e-8280e99e3fdc,KIRIL VLADIMIROV GUMNEROV,KIRIL VLADIMIROV GUMNEROV,kiril.gumnerov@parliament.bg,,,Independent,independent,11,ЛОВЕЧ,National Assembly,41,2011-05-26,,http://www.parliament.bg/images/Assembly/914.png,
4205d4a1-38b1-41c1-9450-e1c383de1401,KIRTCHO DIMITROV DIMITROV,KIRTCHO DIMITROV DIMITROV,kdimitrov@parliament.bg,,,"The Blue Coalition - UtDF, DSB, The United Agrarians, BSDP, RDP","the_blue_coalition_-_utdf,_dsb,_the_united_agrarians,_bsdp,_rdp",21,СЛИВЕН,National Assembly,41,,,http://www.parliament.bg/images/Assembly/990.png,
e661c5c3-a2ba-4151-8337-479ddd118bfe,KORMAN YAKUBOV ISMAILOV,KORMAN YAKUBOV ISMAILOV,korman@parliament.bg,,,Movement for Rights and Freedoms,movement_for_rights_and_freedoms,8,ДОБРИЧ,National Assembly,41,,2011-04-21,http://www.parliament.bg/images/Assembly/898.png,
e661c5c3-a2ba-4151-8337-479ddd118bfe,KORMAN YAKUBOV ISMAILOV,KORMAN YAKUBOV ISMAILOV,korman@parliament.bg,,,Independent,independent,8,ДОБРИЧ,National Assembly,41,2011-04-21,,http://www.parliament.bg/images/Assembly/898.png,
b0eb6d79-5199-4673-a2f4-1e4a70f58bab,KORNELIYA PETROVA NINOVA,KORNELIYA PETROVA NINOVA,korneliya.ninova@parliament.bg,,,Coalition for Bulgaria,coalition_for_bulgaria,1,БЛАГОЕВГРАД,National Assembly,41,,,http://www.parliament.bg/images/Assembly/839.png,
03e52580-09b5-41c6-9295-aa1d37db14c2,KOSTADIN VASILEV YAZOV,KOSTADIN VASILEV YAZOV,kostadin.yazov@parliament.bg,,,Political Party GERB,political_party_gerb,16,ПЛОВДИВ ГРАД,National Assembly,41,,,http://www.parliament.bg/images/Assembly/952.png,
3253a645-543d-44bc-8b7e-6969bdb5ce27,KRASIMIR GEORGIEV TSIPOV,KRASIMIR GEORGIEV TSIPOV,k.cipov@parliament.bg,,,Political Party GERB,political_party_gerb,25,СОФИЯ 3,National Assembly,41,,,http://www.parliament.bg/images/Assembly/1030.png,
bd4f1b3d-9123-4496-823b-d6f6ec43704e,KRASIMIR LYUBOMIROV VELCHEV,KRASIMIR LYUBOMIROV VELCHEV,krasimir.velchev@parliament.bg,,,Political Party GERB,political_party_gerb,25,СОФИЯ 3,National Assembly,41,,2009-07-27,http://www.parliament.bg/images/Assembly/1021.png,
bd4f1b3d-9123-4496-823b-d6f6ec43704e,KRASIMIR LYUBOMIROV VELCHEV,KRASIMIR LYUBOMIROV VELCHEV,krasimir.velchev@parliament.bg,,,Political Party GERB,political_party_gerb,25,СОФИЯ 3,National Assembly,41,2009-07-28,2011-02-09,http://www.parliament.bg/images/Assembly/1021.png,
bd4f1b3d-9123-4496-823b-d6f6ec43704e,KRASIMIR LYUBOMIROV VELCHEV,KRASIMIR LYUBOMIROV VELCHEV,krasimir.velchev@parliament.bg,,,Political Party GERB,political_party_gerb,25,СОФИЯ 3,National Assembly,41,2011-02-09,,http://www.parliament.bg/images/Assembly/1021.png,
95f62920-3790-42fb-9954-bbc4359f332f,KRASIMIR NEDELCHEV MINCHEV,KRASIMIR NEDELCHEV MINCHEV,krasimir.minchev@parliament.bg,,,Political Party GERB,political_party_gerb,30,ШУМЕН,National Assembly,41,,2012-05-02,http://www.parliament.bg/images/Assembly/1067.png,
8fbbd380-81f1-4c86-a40d-64a55d58bcb9,KRASIMIR PETROV PETROV,KRASIMIR PETROV PETROV,krasimir.petrov@parliament.bg,,,Political Party GERB,political_party_gerb,3,ВАРНА,National Assembly,41,,,http://www.parliament.bg/images/Assembly/863.png,
6ba972bf-4809-4c48-ba6f-db49b3a6a84d,KRASIMIRA STHEREVA SIMEONOVA,KRASIMIRA STHEREVA SIMEONOVA,krasimira.simeonova@parliament.bg,,,Political Party GERB,political_party_gerb,13,ПАЗАРДЖИК,National Assembly,41,,,http://www.parliament.bg/images/Assembly/930.png,
83cea23e-e5f5-4b1b-b7c5-9945c63cce01,KRISTIYANA METODIEVA PETROVA,KRISTIYANA METODIEVA PETROVA,k.petrova@parliament.bg,,,"Order, Lawfulness, Justice","order,_lawfulness,_justice",5,ВИДИН,National Assembly,41,,2009-12-09,http://www.parliament.bg/images/Assembly/880.png,
83cea23e-e5f5-4b1b-b7c5-9945c63cce01,KRISTIYANA METODIEVA PETROVA,KRISTIYANA METODIEVA PETROVA,k.petrova@parliament.bg,,,Independent,independent,5,ВИДИН,National Assembly,41,2009-12-09,,http://www.parliament.bg/images/Assembly/880.png,
20e471c5-f7f6-487c-874f-372b0fc280e3,LACHEZAR BOGOMILOV IVANOV,LACHEZAR BOGOMILOV IVANOV,LachezarBogomilov@parliament.bg,,,Political Party GERB,political_party_gerb,24,СОФИЯ 2,National Assembly,41,2010-07-07,,http://www.parliament.bg/images/Assembly/1016.png,
bac164ea-be4e-419c-a004-a0a102b62abc,LATCHEZAR BLAGOVESTOV TOSHEV,LATCHEZAR BLAGOVESTOV TOSHEV,l.toshev@parliament.bg,,,"The Blue Coalition - UtDF, DSB, The United Agrarians, BSDP, RDP","the_blue_coalition_-_utdf,_dsb,_the_united_agrarians,_bsdp,_rdp",23,СОФИЯ 1,National Assembly,41,,,http://www.parliament.bg/images/Assembly/1006.png,
dc39785b-504b-412f-852f-a6200661190b,LILI BOYANOVA IVANOVA,LILI BOYANOVA IVANOVA,lili.boyanova@parliament.bg,,,Political Party GERB,political_party_gerb,28,ТЪРГОВИЩЕ,National Assembly,41,,,http://www.parliament.bg/images/Assembly/1053.png,
95e495d4-9436-4ec8-b96a-a6598fd6b3dd,LILIYA KIRILOVA HRISTOVA,LILIYA KIRILOVA HRISTOVA,liliya.hristova@parliament.bg,,,Political Party GERB,political_party_gerb,3,ВАРНА,National Assembly,41,2012-01-25,,http://www.parliament.bg/images/Assembly/1123.png,
c74cd686-747f-48f4-982b-a370f39c1e32,LYUBEN ANDONOV KORNEZOV,LYUBEN ANDONOV KORNEZOV,kornesov@parliament.bg,,,Coalition for Bulgaria,coalition_for_bulgaria,24,СОФИЯ 2,National Assembly,41,,,http://www.parliament.bg/images/Assembly/1017.png,
c7cb2ed1-005c-4784-b46a-085e5268f090,LYUBEN PETROV TATARSKI,LYUBEN PETROV TATARSKI,"l.tatarski@parliament.bg, ltatarski@gmail.com",,,Political Party GERB,political_party_gerb,1,БЛАГОЕВГРАД,National Assembly,41,,,http://www.parliament.bg/images/Assembly/840.png,
ad3fb234-fac8-40dd-84a2-d29a1b71b6da,LYUBOMILA STANISLAVOVA STANISLAVOVA,LYUBOMILA STANISLAVOVA STANISLAVOVA,l.stanislavova@nt52.parliament.bg,,,Political Party GERB,political_party_gerb,5,ВИДИН,National Assembly,41,,,http://www.parliament.bg/images/Assembly/881.png,
2a1c45d3-18c0-483e-95e3-b8c838de7ba9,LYUBOMIR TODOROV IVANOV,LYUBOMIR TODOROV IVANOV,lyubomir.ivanov@parliament.bg,,,"The Blue Coalition - UtDF, DSB, The United Agrarians, BSDP, RDP","the_blue_coalition_-_utdf,_dsb,_the_united_agrarians,_bsdp,_rdp",12,МОНТАНА,National Assembly,41,,2010-02-24,http://www.parliament.bg/images/Assembly/920.png,
2a1c45d3-18c0-483e-95e3-b8c838de7ba9,LYUBOMIR TODOROV IVANOV,LYUBOMIR TODOROV IVANOV,lyubomir.ivanov@parliament.bg,,,"The Blue Coalition - UtDF, DSB, The United Agrarians, BSDP, RDP","the_blue_coalition_-_utdf,_dsb,_the_united_agrarians,_bsdp,_rdp",12,МОНТАНА,National Assembly,41,2010-02-24,2012-02-01,http://www.parliament.bg/images/Assembly/920.png,
c676437b-c4ee-4af4-9f1c-33fe47950c28,LYUBOMIR VLADIMIROV VLADIMIROV,LYUBOMIR VLADIMIROV VLADIMIROV,lyubomir.vladimirov@parliament.bg,,,ATAKA Party,ataka_party,19,РУСЕ,National Assembly,41,,2012-02-01,http://www.parliament.bg/images/Assembly/977.png,
d1a66f2e-d0e8-442e-a9ee-f36230de7893,LYUTVI AHMED MESTAN,LYUTVI AHMED MESTAN,lyutvi.mestan@parliament.bg,,,Movement for Rights and Freedoms,movement_for_rights_and_freedoms,27,СТАРА ЗАГОРА,National Assembly,41,,2013-02-06,http://www.parliament.bg/images/Assembly/1045.png,
d1a66f2e-d0e8-442e-a9ee-f36230de7893,LYUTVI AHMED MESTAN,LYUTVI AHMED MESTAN,lyutvi.mestan@parliament.bg,,,Movement for Rights and Freedoms,movement_for_rights_and_freedoms,27,СТАРА ЗАГОРА,National Assembly,41,2013-02-06,,http://www.parliament.bg/images/Assembly/1045.png,
94d09082-ae19-4a41-ab93-cecfc90b0f6e,MARIANA PETROVA IVANOVA-NIKOLOVA,MARIANA PETROVA IVANOVA-NIKOLOVA,,,,Political Party GERB,political_party_gerb,21,СЛИВЕН,National Assembly,41,2012-10-03,,http://www.parliament.bg/images/Assembly/1135.png,
3a3b342e-a530-4805-87b5-b9e6bc4f723b,MARIO IVANOV TAGARINSKI,MARIO IVANOV TAGARINSKI,"m.tagarinski@parliament.bg, mtg@dir.bg",,,"Order, Lawfulness, Justice","order,_lawfulness,_justice",6,ВРАЦА,National Assembly,41,,2009-12-09,http://www.parliament.bg/images/Assembly/886.png,
3a3b342e-a530-4805-87b5-b9e6bc4f723b,MARIO IVANOV TAGARINSKI,MARIO IVANOV TAGARINSKI,"m.tagarinski@parliament.bg, mtg@dir.bg",,,Independent,independent,6,ВРАЦА,National Assembly,41,2009-12-09,,http://www.parliament.bg/images/Assembly/886.png,
26c79f52-0bd5-43b7-ab67-34c9cb397e62,MARIYA STOYANOVA PETROVA-MINCHEVA,MARIYA STOYANOVA PETROVA-MINCHEVA,,,,Political Party GERB,political_party_gerb,31,ЯМБОЛ,National Assembly,41,2012-11-14,,http://www.parliament.bg/images/Assembly/1137.png,
d23faa5c-b9d0-4221-90a1-afd82e1a64eb,MARTIN DIMITROV DIMITROV,MARTIN DIMITROV DIMITROV,dimitrovmartin@parliament.bg,,,"The Blue Coalition - UtDF, DSB, The United Agrarians, BSDP, RDP","the_blue_coalition_-_utdf,_dsb,_the_united_agrarians,_bsdp,_rdp",24,СОФИЯ 2,National Assembly,41,,,http://www.parliament.bg/images/Assembly/1018.png,
5edcf023-6299-45f3-a1d0-7b12ad3df2a3,MAYA BOZHIDAROVA MANOLOVA,MAYA BOZHIDAROVA MANOLOVA,maya.manolova@parliament.bg,,,Coalition for Bulgaria,coalition_for_bulgaria,10,КЮСТЕНДИЛ,National Assembly,41,,2009-07-29,http://www.parliament.bg/images/Assembly/911.png,
5edcf023-6299-45f3-a1d0-7b12ad3df2a3,MAYA BOZHIDAROVA MANOLOVA,MAYA BOZHIDAROVA MANOLOVA,maya.manolova@parliament.bg,,,Coalition for Bulgaria,coalition_for_bulgaria,10,КЮСТЕНДИЛ,National Assembly,41,2009-07-29,,http://www.parliament.bg/images/Assembly/911.png,
688502f1-3435-4604-9fd1-7f03062d1eab,MEGLENA IVANOVA PLUGTSCHIEVA-ALEXANDROVA,MEGLENA IVANOVA PLUGTSCHIEVA-ALEXANDROVA,M.Plugtschieva@parliament.bg,,,Coalition for Bulgaria,coalition_for_bulgaria,19,РУСЕ,National Assembly,41,,2012-05-31,http://www.parliament.bg/images/Assembly/978.png,
59e4282b-cfcf-4db5-a043-bc0b607b407f,MENDA KIRILOVA STOYANOVA,MENDA KIRILOVA STOYANOVA,menda.stoyanova@parliament.bg,,,Political Party GERB,political_party_gerb,16,ПЛОВДИВ ГРАД,National Assembly,41,,2012-11-01,http://www.parliament.bg/images/Assembly/953.png,
fd3509ad-c0bd-41ec-a780-0cc4eca2f00f,MIHAIL NENOV NIKOLOVSKI,MIHAIL NENOV NIKOLOVSKI,mihail.nikolovski@parliament.bg,,,Political Party GERB,political_party_gerb,11,ЛОВЕЧ,National Assembly,41,,2012-05-09,http://www.parliament.bg/images/Assembly/915.png,
20760318-04d9-4ccd-ac46-09b0bb96a061,MIHAIL RAIKOV MIKOV,MIHAIL RAIKOV MIKOV,mmikov@nt52.parliament.bg,,,Coalition for Bulgaria,coalition_for_bulgaria,5,ВИДИН,National Assembly,41,,2009-07-29,http://www.parliament.bg/images/Assembly/882.png,
20760318-04d9-4ccd-ac46-09b0bb96a061,MIHAIL RAIKOV MIKOV,MIHAIL RAIKOV MIKOV,mmikov@nt52.parliament.bg,,,Coalition for Bulgaria,coalition_for_bulgaria,5,ВИДИН,National Assembly,41,2009-07-29,,http://www.parliament.bg/images/Assembly/882.png,
d4d0d097-545c-401c-bbfe-735f42a6f1df,MIHAIL RASHKOV MIHAILOV,MIHAIL RASHKOV MIHAILOV,,,,"The Blue Coalition - UtDF, DSB, The United Agrarians, BSDP, RDP","the_blue_coalition_-_utdf,_dsb,_the_united_agrarians,_bsdp,_rdp",19,РУСЕ,National Assembly,41,2009-10-14,,http://www.parliament.bg/images/Assembly/1084.png,
299e80dd-a932-4111-9443-cd0bb4e15ced,MILENA IVANOVA HRISTOVA,MILENA IVANOVA HRISTOVA,m.hristova@parliament.bg,,,Coalition for Bulgaria,coalition_for_bulgaria,17,ПЛОВДИВ ОБЛАСТ,National Assembly,41,,2009-07-29,http://www.parliament.bg/images/Assembly/961.png,
976a9cad-24ab-4635-881a-3ed0b283cd79,MIROSLAV NIKOLOV PETKOV,MIROSLAV NIKOLOV PETKOV,miroslav.petkov@parliament.bg,,,Political Party GERB,political_party_gerb,4,ВЕЛИКО ТЪРНОВО,National Assembly,41,,,http://www.parliament.bg/images/Assembly/874.png,
91045e11-e939-468a-82a6-3a16f967da65,MITHAT MEHMED TABAKOV,MITHAT MEHMED TABAKOV,tab61@parliament.bg,,,Movement for Rights and Freedoms,movement_for_rights_and_freedoms,20,СИЛИСТРА,National Assembly,41,,,http://www.parliament.bg/images/Assembly/984.png,
34b46fcd-b267-40a2-aa3c-5fc33805d4cb,MITKO ZHIVKOV ZAHOV,MITKO ZHIVKOV ZAHOV,mitko.zahov@parliament.bg,,,Political Party GERB,political_party_gerb,1,БЛАГОЕВГРАД,National Assembly,41,,,http://www.parliament.bg/images/Assembly/841.png,
5adb4d1f-6959-4389-b4f3-74ef54bc08b0,MONIKA HANS PANAYOTOVA,MONIKA HANS PANAYOTOVA,monika.panayotova@parliament.bg,,,Political Party GERB,political_party_gerb,24,СОФИЯ 2,National Assembly,41,,2012-12-06,http://www.parliament.bg/images/Assembly/1010.png,
f3bbd4ba-4df9-4a6d-8119-ccb0736080e2,MUSA DGEMAL PALEV,MUSA DGEMAL PALEV,musa.palev@parliament.bg,,,Movement for Rights and Freedoms,movement_for_rights_and_freedoms,1,БЛАГОЕВГРАД,National Assembly,41,,,http://www.parliament.bg/images/Assembly/842.png,
581a7492-50b1-4c8e-8b11-e0c532305af3,NEDYALKO TENEV NEDYALKOV,NEDYALKO TENEV NEDYALKOV,nedyalko.nedyalkov@parliament.bg,,,Political Party GERB,political_party_gerb,27,СТАРА ЗАГОРА,National Assembly,41,,2012-01-12,http://www.parliament.bg/images/Assembly/1046.png,
352ac5d0-26d5-445f-ae71-535b5fab61d4,NEDYALKO ZHIVKOV SLAVOV,NEDYALKO ZHIVKOV SLAVOV,nedyalko.slavov@parliament.bg,,,Political Party GERB,political_party_gerb,22,СМОЛЯН,National Assembly,41,2011-11-09,,http://www.parliament.bg/images/Assembly/1116.png,
0d303e84-3970-4ea6-a069-83eded4fb050,NEDZHMI NIYAZI ALI,NEDZHMI NIYAZI ALI,"n.ali@parliament.bg,nedzhmi.ali@parliament.bg",,,Movement for Rights and Freedoms,movement_for_rights_and_freedoms,9,КЪРДЖАЛИ,National Assembly,41,,,http://www.parliament.bg/images/Assembly/904.png,
aea3a8b7-ce5d-4592-b6de-15a502dac0d1,NELI IVANOVA KALNEVA-MITEVA,NELI IVANOVA KALNEVA-MITEVA,neli.kalneva@parliament.bg: neli_iva@abv.bg,,,Political Party GERB,political_party_gerb,27,СТАРА ЗАГОРА,National Assembly,41,,,http://www.parliament.bg/images/Assembly/1047.png,
0f8e0e99-0aac-4aca-81da-0d25fe8e3103,NIGYAR SAHLIM DZHAFER,NIGYAR SAHLIM DZHAFER,n.sahlim@parliament.bg,,,Movement for Rights and Freedoms,movement_for_rights_and_freedoms,18,РАЗГРАД,National Assembly,41,,,http://www.parliament.bg/images/Assembly/969.png,
d1848c1c-a48f-4f26-9527-120908dfb032,NIKOLA IVANOV BELISHKI,NIKOLA IVANOV BELISHKI,nikola.belishki@parliament.bg,,,Political Party GERB,political_party_gerb,13,ПАЗАРДЖИК,National Assembly,41,,2011-11-04,http://www.parliament.bg/images/Assembly/931.png,
6d8e0190-1fb0-47b8-9f9c-dcad0fa5d315,NIKOLAY DIMITROV KOSTADINOV,NIKOLAY DIMITROV KOSTADINOV,nikolay.kostadinov@parliament.bg,,,Political Party GERB,political_party_gerb,3,ВАРНА,National Assembly,41,,,http://www.parliament.bg/images/Assembly/864.png,
3f57c7c3-d4b8-4e66-90a2-f9c282f8f065,NIKOLAY GORANOV KOTZEV,NIKOLAY GORANOV KOTZEV,"nikolay.kotzev@parliament.bg, n.kocev@abv.bg",,,Political Party GERB,political_party_gerb,6,ВРАЦА,National Assembly,41,,2012-03-30,http://www.parliament.bg/images/Assembly/888.png,
8eb9009e-168b-47a1-bc71-c7e6652cb7d7,NIKOLAY HINKOV RASHEV,NIKOLAY HINKOV RASHEV,nikolay.rashev@parliament.bg,,,Political Party GERB,political_party_gerb,6,ВРАЦА,National Assembly,41,,,http://www.parliament.bg/images/Assembly/889.png,
ab59bc54-d5d8-41ed-839d-cc8b4a1d0be6,NIKOLAY PETKOV PETKOV,NIKOLAY PETKOV PETKOV,nikolay.petkov@parliament.bg,,,Political Party GERB,political_party_gerb,17,ПЛОВДИВ ОБЛАСТ,National Assembly,41,,,http://www.parliament.bg/images/Assembly/962.png,
987ac6c8-74c1-4f46-a84e-2c3200da852b,NIKOLAY TODOROV MELEMOV,NIKOLAY TODOROV MELEMOV,"nikolay.melemov@parliament.bg, dermax@mail.bg",,,Political Party GERB,political_party_gerb,22,СМОЛЯН,National Assembly,41,,2011-11-04,http://www.parliament.bg/images/Assembly/997.png,
544b77cf-a3ae-4e56-b355-017c0933d873,NIKOLAY YANKOV PEHLIVANOV,NIKOLAY YANKOV PEHLIVANOV,pehlivanov@parliament.bg,,,ATAKA Party,ataka_party,26,СОФИЯ ОБЛАСТ,National Assembly,41,,,http://www.parliament.bg/images/Assembly/1037.png,
ae021e1f-56f0-4349-a06b-51988a6a15fa,OGNIAN STOICHKOV IANAKIEV,OGNIAN STOICHKOV IANAKIEV,stoichkov@parliament.bg,,,ATAKA Party,ataka_party,17,ПЛОВДИВ ОБЛАСТ,National Assembly,41,,,http://www.parliament.bg/images/Assembly/963.png,
d64f5014-b8b1-4af1-aed3-9f4d5f36bf04,OGNYAN ANDONOV PEYCHEV,OGNYAN ANDONOV PEYCHEV,ognyan.peychev@parliament.bg,,,ATAKA Party,ataka_party,31,ЯМБОЛ,National Assembly,41,,2011-05-26,http://www.parliament.bg/images/Assembly/1073.png,
d64f5014-b8b1-4af1-aed3-9f4d5f36bf04,OGNYAN ANDONOV PEYCHEV,OGNYAN ANDONOV PEYCHEV,ognyan.peychev@parliament.bg,,,Independent,independent,31,ЯМБОЛ,National Assembly,41,2011-05-26,,http://www.parliament.bg/images/Assembly/1073.png,
dbf01c18-207b-4318-950f-0bd2e16805b0,OGNYAN DIMITROV TETIMOV,OGNYAN DIMITROV TETIMOV,ognian.tetimov@parliament.bg,,,ATAKA Party,ataka_party,1,БЛАГОЕВГРАД,National Assembly,41,,2011-12-21,http://www.parliament.bg/images/Assembly/843.png,
dbf01c18-207b-4318-950f-0bd2e16805b0,OGNYAN DIMITROV TETIMOV,OGNYAN DIMITROV TETIMOV,ognian.tetimov@parliament.bg,,,Independent,independent,1,БЛАГОЕВГРАД,National Assembly,41,2011-12-21,,http://www.parliament.bg/images/Assembly/843.png,
b2306d5a-5f5f-478a-bb03-b76dcd251d34,PAVEL ILIEV DIMITROV,PAVEL ILIEV DIMITROV,pavel.dimitrov@parliament.bg,,,Political Party GERB,political_party_gerb,3,ВАРНА,National Assembly,41,,,http://www.parliament.bg/images/Assembly/865.png,
ce151502-d8ab-4d3f-8039-9831677c38af,PENKO ATANASOV ATANASOV,PENKO ATANASOV ATANASOV,"penkoa@abv.bg,P.Atanasov@parliament.bg",,,Coalition for Bulgaria,coalition_for_bulgaria,2,БУРГАС,National Assembly,41,,,http://www.parliament.bg/images/Assembly/852.png,
c155bb70-656a-40f9-940d-9c1fcce9d68d,PETAR ILIEV YAKIMOV,PETAR ILIEV YAKIMOV,,,,Political Party GERB,political_party_gerb,12,МОНТАНА,National Assembly,41,2012-07-26,,http://www.parliament.bg/images/Assembly/1134.png,
160d9eb8-4abf-434a-bc02-0f73dd10c452,PETAR IVANOV DASKALOV,PETAR IVANOV DASKALOV,p.daskalov@parliament.bg,,,Political Party GERB,political_party_gerb,19,РУСЕ,National Assembly,41,2012-03-28,,http://www.parliament.bg/images/Assembly/1124.png,
0ff4f6b3-9970-406f-b22f-0e410296f2ed,PETAR IVANOV HLEBAROV,PETAR IVANOV HLEBAROV,petar.hlebarov@parliament.bg,,,Independent,independent,27,СТАРА ЗАГОРА,National Assembly,41,2011-12-21,,http://www.parliament.bg/images/Assembly/1048.png,
4cd15371-e4d8-410a-be64-3b239568d3f6,PETAR VASILEV MUTAFCHIEV,PETAR VASILEV MUTAFCHIEV,petar.mutafchiev@parliament.bg,,,Coalition for Bulgaria,coalition_for_bulgaria,17,ПЛОВДИВ ОБЛАСТ,National Assembly,41,,,http://www.parliament.bg/images/Assembly/964.png,
62e8af3a-b8cf-431b-ac32-82167c8be05a,PETAR VLADIMIROV DIMITROV,PETAR VLADIMIROV DIMITROV,p.dimitrov@parliament.bg,,,Coalition for Bulgaria,coalition_for_bulgaria,8,ДОБРИЧ,National Assembly,41,,2009-07-29,http://www.parliament.bg/images/Assembly/899.png,
62e8af3a-b8cf-431b-ac32-82167c8be05a,PETAR VLADIMIROV DIMITROV,PETAR VLADIMIROV DIMITROV,p.dimitrov@parliament.bg,,,Coalition for Bulgaria,coalition_for_bulgaria,8,ДОБРИЧ,National Assembly,41,2009-07-29,,http://www.parliament.bg/images/Assembly/899.png,
cc70a2e4-5499-4d48-9e3c-2d9700ee3ea7,PETER ATANASSOV KOUROUMBASHEV,PETER ATANASSOV KOUROUMBASHEV,pkouroumbashev@parliament.bg,,,Coalition for Bulgaria,coalition_for_bulgaria,24,СОФИЯ 2,National Assembly,41,,,http://www.parliament.bg/images/Assembly/1019.png,
0f2c0e6a-82b1-4bc4-ac21-b26ba3d7f445,PETER METODIEV PETROV,PETER METODIEV PETROV,peter.petrov@parliament.bg,,,Political Party GERB,political_party_gerb,14,ПЕРНИК,National Assembly,41,,,http://www.parliament.bg/images/Assembly/936.png,
1edabc8c-ffe3-44e8-9ae5-ccb3245aa8a0,PETKO VALENTINOV PETKOV,PETKO VALENTINOV PETKOV,petko.petkov@parliament.bg,,,Political Party GERB,political_party_gerb,13,ПАЗАРДЖИК,National Assembly,41,2011-11-09,,http://www.parliament.bg/images/Assembly/1117.png,
c0594533-68d0-45df-ab27-720365a9c00f,PETYA NIKOLOVA RAEVA,PETYA NIKOLOVA RAEVA,p.raeva@parliament.bg,,,Movement for Rights and Freedoms,movement_for_rights_and_freedoms,17,ПЛОВДИВ ОБЛАСТ,National Assembly,41,,,http://www.parliament.bg/images/Assembly/965.png,
3453ac6f-b73c-4a9d-b5ab-772195881c56,PLAMEN GEORGIEV TSEKOV,PLAMEN GEORGIEV TSEKOV,plamen.tsekov@parliament.bg,,,Political Party GERB,political_party_gerb,12,МОНТАНА,National Assembly,41,,2012-03-30,http://www.parliament.bg/images/Assembly/921.png,
75732c16-9939-43c4-ba3b-592773b19d83,PLAMEN TACHEV PETROV,PLAMEN TACHEV PETROV,plamen.tachev@parliament.bg,,,Political Party GERB,political_party_gerb,15,ПЛЕВЕН,National Assembly,41,,,http://www.parliament.bg/images/Assembly/942.png,
40bdc5a8-cdb5-4f0b-97bf-314b2a53e08c,PLAMEN TENEV ROUSSEV,PLAMEN TENEV ROUSSEV,plamen.roussev@parliament.bg,,,Political Party GERB,political_party_gerb,27,СТАРА ЗАГОРА,National Assembly,41,2011-11-09,,http://www.parliament.bg/images/Assembly/1118.png,
83809ea8-27ad-4100-ac53-c153056875d4,PLAMEN VASILEV ORESHARSKI,PLAMEN VASILEV ORESHARSKI,P.Oresharski@parliament.bg,,,Coalition for Bulgaria,coalition_for_bulgaria,2,БУРГАС,National Assembly,41,,,http://www.parliament.bg/images/Assembly/853.png,
737fda02-f52d-428c-a337-32a10548b5f9,RALITSA TODOROVA ANGELOVA,RALITSA TODOROVA ANGELOVA,ralitsa.todorova@parliament.bg,,,Political Party GERB,political_party_gerb,30,ШУМЕН,National Assembly,41,2012-05-03,,http://www.parliament.bg/images/Assembly/1130.png,
d78e3011-e8b6-4194-863e-d605725ba3d2,RAMADAN BAYRAM ATALAY,RAMADAN BAYRAM ATALAY,,,,Movement for Rights and Freedoms,movement_for_rights_and_freedoms,18,РАЗГРАД,National Assembly,41,,,http://www.parliament.bg/images/Assembly/970.png,
0c048ab3-8e18-4560-b166-9c4f4f7c2d69,REMZI DURMUS OSMAN,REMZI DURMUS OSMAN,remzi.osman@parliament.bg,,,Movement for Rights and Freedoms,movement_for_rights_and_freedoms,9,КЪРДЖАЛИ,National Assembly,41,,,http://www.parliament.bg/images/Assembly/905.png,
57c7496e-1270-4105-90bf-e5dd7f7c458c,ROUMEN STEFANOV STOILOV,ROUMEN STEFANOV STOILOV,r.s.stoilov@abv.bg,,,Political Party GERB,political_party_gerb,23,СОФИЯ 1,National Assembly,41,2010-02-24,,http://www.parliament.bg/images/Assembly/1087.png,
3ff33d4d-36e3-497a-abf1-56161b5c17ec,RUMEN IORDANOV PETKOV,RUMEN IORDANOV PETKOV,rumen.petkov@parliament.bg,,,Coalition for Bulgaria,coalition_for_bulgaria,15,ПЛЕВЕН,National Assembly,41,,,http://www.parliament.bg/images/Assembly/943.png,
07a5defe-99ef-4658-8843-9a025d49c552,RUMEN IVANOV IVANOV,RUMEN IVANOV IVANOV,rumen.ivanov@parliament.bg,,,Political Party GERB,political_party_gerb,8,ДОБРИЧ,National Assembly,41,,,http://www.parliament.bg/images/Assembly/900.png,
5bf41574-e0c9-4188-bc07-9a3562b382be,RUMEN IVANOV TAKOROV,RUMEN IVANOV TAKOROV,Takorov@parliament.bg,,,Coalition for Bulgaria,coalition_for_bulgaria,28,ТЪРГОВИЩЕ,National Assembly,41,,,http://www.parliament.bg/images/Assembly/1054.png,
030fceab-fcb9-4267-aa35-e246f588d0b4,RUMEN KIREV DANEV,RUMEN KIREV DANEV,r.danev@parliament.bg,,,Political Party GERB,political_party_gerb,29,ХАСКОВО,National Assembly,41,2011-05-26,,http://www.parliament.bg/images/Assembly/1108.png,
b57d30aa-bcd3-4aab-a0a7-3f21e2fcf959,RUMEN STOYANOV OVCHAROV,RUMEN STOYANOV OVCHAROV,rumen.ovcharov@parliament.bg,,,Coalition for Bulgaria,coalition_for_bulgaria,23,СОФИЯ 1,National Assembly,41,,,http://www.parliament.bg/images/Assembly/1007.png,
f56b8476-c52a-4a7c-a7b2-523d8d07f25f,RUSHEN MEHMED RIZA,RUSHEN MEHMED RIZA,,,,Movement for Rights and Freedoms,movement_for_rights_and_freedoms,8,ДОБРИЧ,National Assembly,41,2009-10-14,2010-02-16,http://www.parliament.bg/images/Assembly/1083.png,
eb990b15-75c2-4336-989b-365ec6ab54eb,SERGEI DMITRIEVICH STANISHEV,SERGEI DMITRIEVICH STANISHEV,stanishev@parliament.bg,,,Coalition for Bulgaria,coalition_for_bulgaria,3,ВАРНА,National Assembly,41,,,http://www.parliament.bg/images/Assembly/868.png,
53c7984d-1921-4137-aecb-f926ffdeb59b,SILVIYA ANASTASOVA HUBENOVA,SILVIYA ANASTASOVA HUBENOVA,silviya.hubenova@parliament.bg,,,Political Party GERB,political_party_gerb,17,ПЛОВДИВ ОБЛАСТ,National Assembly,41,,,http://www.parliament.bg/images/Assembly/966.png,
5f306309-f87e-4235-a36f-c83211dc01aa,SNEZHANA GEORGIEVA DUKOVA,SNEZHANA GEORGIEVA DUKOVA,s.dukova@parliament.bg,,,Political Party GERB,political_party_gerb,25,СОФИЯ 3,National Assembly,41,2009-08-26,,http://www.parliament.bg/images/Assembly/1081.png,
6c4da630-457f-49aa-923a-8b46948c4fcb,SPAS YANEV PANCHEV,SPAS YANEV PANCHEV,spas.panchev@parliament.bg,,,Coalition for Bulgaria,coalition_for_bulgaria,27,СТАРА ЗАГОРА,National Assembly,41,,,http://www.parliament.bg/images/Assembly/1049.png,
0b69dcfe-fa7a-402d-a505-efc9bb6757fb,STANISLAV STOYANOV IVANOV,STANISLAV STOYANOV IVANOV,stanislav.ivanov@parliament.bg,,,Political Party GERB,political_party_gerb,25,СОФИЯ 3,National Assembly,41,,,http://www.parliament.bg/images/Assembly/1031.png,
520fdc1d-7786-4628-829b-0bb73e9d5922,STANISLAV TODOROV STANILOV,STANISLAV TODOROV STANILOV,"bat_slavko@abv.bg,stanislav.stanilov@parliament.bg",,,ATAKA Party,ataka_party,29,ХАСКОВО,National Assembly,41,,,http://www.parliament.bg/images/Assembly/1061.png,
3b8a0fd1-0217-4861-a35c-c05177c57e6f,STANKA LALEVA SHAYLEKOVA,STANKA LALEVA SHAYLEKOVA,stanka.shaylekova@parliament.bg,,,Political Party GERB,political_party_gerb,11,ЛОВЕЧ,National Assembly,41,,,http://www.parliament.bg/images/Assembly/916.png,
9469543f-6440-4efd-9107-d63c2ebca8e6,STEFAN GOSPODINOV GOSPODINOV,STEFAN GOSPODINOV GOSPODINOV,stefan.gospodinov@parliament.bg,,,Political Party GERB,political_party_gerb,20,СИЛИСТРА,National Assembly,41,,,http://www.parliament.bg/images/Assembly/985.png,
745533ba-2ba8-47f3-b136-d8a3eca0fc4f,STEFAN IVANOV DEDEV,STEFAN IVANOV DEDEV,stefan.dedev@parliament.bg,,,Political Party GERB,political_party_gerb,16,ПЛОВДИВ ГРАД,National Assembly,41,,,http://www.parliament.bg/images/Assembly/955.png,
5bea60f5-d572-4e84-8640-561f499db052,STEFAN LAMBOV DANAILOV,STEFAN LAMBOV DANAILOV,Prof.St.Danailov@parliament.bg,,,Coalition for Bulgaria,coalition_for_bulgaria,16,ПЛОВДИВ ГРАД,National Assembly,41,,,http://www.parliament.bg/images/Assembly/956.png,
9cef7fd2-5236-4925-bcd5-5e5926df91df,STEFANI MIHNEVA MIHAYLOVA,STEFANI MIHNEVA MIHAYLOVA,stefani.mihaylova@parliament.bg,,,Political Party GERB,political_party_gerb,24,СОФИЯ 2,National Assembly,41,2009-07-29,2009-11-19,http://www.parliament.bg/images/Assembly/1079.png,
9cef7fd2-5236-4925-bcd5-5e5926df91df,STEFANI MIHNEVA MIHAYLOVA,STEFANI MIHNEVA MIHAYLOVA,stefani.mihaylova@parliament.bg,,,Political Party GERB,political_party_gerb,24,СОФИЯ 2,National Assembly,41,2009-11-20,,http://www.parliament.bg/images/Assembly/1079.png,
e2d85d03-8af1-428c-a111-dbc857b45236,STOYAN IVANOV IVANOV,STOYAN IVANOV IVANOV,stoyan.ivanov@parliament.bg,,,ATAKA Party,ataka_party,2,БУРГАС,National Assembly,41,,2011-07-13,http://www.parliament.bg/images/Assembly/854.png,
e2d85d03-8af1-428c-a111-dbc857b45236,STOYAN IVANOV IVANOV,STOYAN IVANOV IVANOV,stoyan.ivanov@parliament.bg,,,Independent,independent,2,БУРГАС,National Assembly,41,2011-07-13,,http://www.parliament.bg/images/Assembly/854.png,
6d8b4003-a558-47cf-ba98-6331846fa914,STOYAN TODOROV MAVRODIEV,STOYAN TODOROV MAVRODIEV,stoyan.mavrodiev@parliament.bg,,,Political Party GERB,political_party_gerb,24,СОФИЯ 2,National Assembly,41,,2010-06-14,http://www.parliament.bg/images/Assembly/1020.png,
2197a670-e3bb-449e-82c0-20c88fc5d9b2,STOYAN YANKOV GYUZELEV,STOYAN YANKOV GYUZELEV,stoyan.gyuzelev@parliament.bg,,,Political Party GERB,political_party_gerb,2,БУРГАС,National Assembly,41,,,http://www.parliament.bg/images/Assembly/855.png,
b366ed93-2d6d-42b6-862c-b2d487a46bd8,SVETLANA ANGELOVA NAYDENOVA,SVETLANA ANGELOVA NAYDENOVA,svetlana.angelova@parliament.bg,,,Political Party GERB,political_party_gerb,19,РУСЕ,National Assembly,41,,,http://www.parliament.bg/images/Assembly/980.png,
7fa3a5ea-2cf2-4575-9cea-65c12fc0ecee,SVETLEN DIMITROV TANCHEV,SVETLEN DIMITROV TANCHEV,s.tanchev@parliament.bg,,,Political Party GERB,political_party_gerb,26,СОФИЯ ОБЛАСТ,National Assembly,41,,,http://www.parliament.bg/images/Assembly/1038.png,
43f033ac-08d7-4ba6-9d7c-86f14166d369,SVETOMIR KONSTANTINOV MIHAYLOV,SVETOMIR KONSTANTINOV MIHAYLOV,svetomir.mihaylov@parliament.bg,,,Political Party GERB,political_party_gerb,8,ДОБРИЧ,National Assembly,41,,,http://www.parliament.bg/images/Assembly/901.png,
58306f4f-f15b-4393-bac6-c09a750a3c00,SVETOSLAV TONCHEV TONCHEV,SVETOSLAV TONCHEV TONCHEV,svetoslav.tonchev@parliament.bg,,,Political Party GERB,political_party_gerb,31,ЯМБОЛ,National Assembly,41,,,http://www.parliament.bg/images/Assembly/1074.png,
ba93b9ef-08b0-4c08-a25d-be337c1cbf56,SVILEN NIKOLOV KRAYCHEV,SVILEN NIKOLOV KRAYCHEV,svilen.kraychev@parliament.bg,,,Political Party GERB,political_party_gerb,3,ВАРНА,National Assembly,41,,2012-01-11,http://www.parliament.bg/images/Assembly/867.png,
d519dacf-ab0d-4c0e-b1b1-20daa6e2fa42,TANYA DIMITROVA VAZHAROVA,TANYA DIMITROVA VAZHAROVA,cem_dimitrova@abv.bg,,,Political Party GERB,political_party_gerb,24,СОФИЯ 2,National Assembly,41,2010-06-23,,http://www.parliament.bg/images/Assembly/1089.png,
86a8c689-bd3a-48ad-8a1f-bcc9e689e4bf,TCHETIN HIUSSEIN KAZAK,TCHETIN HIUSSEIN KAZAK,"tchetin@yahoo.com,tchetin.kazak@parliament.bg",,,Movement for Rights and Freedoms,movement_for_rights_and_freedoms,30,ШУМЕН,National Assembly,41,,,http://www.parliament.bg/images/Assembly/1069.png,
77e71d89-1998-4783-9818-1a51e0d4e695,TEODORA RADKOVA GEORGIEVA,TEODORA RADKOVA GEORGIEVA,teodora.georgieva@parliament.bg,,,Political Party GERB,political_party_gerb,23,СОФИЯ 1,National Assembly,41,,,http://www.parliament.bg/images/Assembly/1008.png,
67ff07a6-f4d3-4c7a-b372-d9dcaef3be44,TODOR ATANASOV DIMITROV,TODOR ATANASOV DIMITROV,todor.dimitrov@parliament.bg,,,Political Party GERB,political_party_gerb,18,РАЗГРАД,National Assembly,41,,2009-07-27,http://www.parliament.bg/images/Assembly/971.png,
67ff07a6-f4d3-4c7a-b372-d9dcaef3be44,TODOR ATANASOV DIMITROV,TODOR ATANASOV DIMITROV,todor.dimitrov@parliament.bg,,,Political Party GERB,political_party_gerb,18,РАЗГРАД,National Assembly,41,2009-07-28,2011-02-09,http://www.parliament.bg/images/Assembly/971.png,
67ff07a6-f4d3-4c7a-b372-d9dcaef3be44,TODOR ATANASOV DIMITROV,TODOR ATANASOV DIMITROV,todor.dimitrov@parliament.bg,,,Political Party GERB,political_party_gerb,18,РАЗГРАД,National Assembly,41,2011-02-09,,http://www.parliament.bg/images/Assembly/971.png,
12961818-e93b-4ea8-89f9-36c2b23368f0,TODOR DIMITROV VELIKOV,TODOR DIMITROV VELIKOV,t.velikov@parliament.bg,,,"Order, Lawfulness, Justice","order,_lawfulness,_justice",27,СТАРА ЗАГОРА,National Assembly,41,,2009-12-09,http://www.parliament.bg/images/Assembly/1050.png,
12961818-e93b-4ea8-89f9-36c2b23368f0,TODOR DIMITROV VELIKOV,TODOR DIMITROV VELIKOV,t.velikov@parliament.bg,,,Independent,independent,27,СТАРА ЗАГОРА,National Assembly,41,2009-12-09,,http://www.parliament.bg/images/Assembly/1050.png,
505dac2a-f6ba-4e1a-8f11-458d1510fc56,TODOR JORDANOV GEORGIEV,TODOR JORDANOV GEORGIEV,,,,Political Party GERB,political_party_gerb,8,ДОБРИЧ,National Assembly,41,2012-10-17,,http://www.parliament.bg/images/Assembly/1136.png,
89a68116-e60c-42a9-8761-4273e93c5f5b,TSVETA ALIPIEVA GEORGIEVA,TSVETA ALIPIEVA GEORGIEVA,tsveta.georgieva@parliament.bg,,,ATAKA Party,ataka_party,3,ВАРНА,National Assembly,41,,2011-11-17,http://www.parliament.bg/images/Assembly/869.png,
89a68116-e60c-42a9-8761-4273e93c5f5b,TSVETA ALIPIEVA GEORGIEVA,TSVETA ALIPIEVA GEORGIEVA,tsveta.georgieva@parliament.bg,,,Independent,independent,3,ВАРНА,National Assembly,41,2011-11-17,,http://www.parliament.bg/images/Assembly/869.png,
48ec099b-c1a8-439e-9291-9f70cae2314d,TSVETA VALCHEVA KARAYANCHEVA,TSVETA VALCHEVA KARAYANCHEVA,"tsveta.karayancheva@parliament.bg, cveta_@abv.bg",,,Political Party GERB,political_party_gerb,9,КЪРДЖАЛИ,National Assembly,41,2009-07-29,2012-04-23,http://www.parliament.bg/images/Assembly/1078.png,
48ec099b-c1a8-439e-9291-9f70cae2314d,TSVETA VALCHEVA KARAYANCHEVA,TSVETA VALCHEVA KARAYANCHEVA,"tsveta.karayancheva@parliament.bg, cveta_@abv.bg",,,Political Party GERB,political_party_gerb,9,КЪРДЖАЛИ,National Assembly,41,2012-04-23,,http://www.parliament.bg/images/Assembly/1078.png,
57ddd147-ee2c-4f1c-bb9c-92e60ac7c0ad,TSVETAN ASENOV TSVETANOV,TSVETAN ASENOV TSVETANOV,ts.tsvetanov@parliament.bg,,,"Order, Lawfulness, Justice","order,_lawfulness,_justice",4,ВЕЛИКО ТЪРНОВО,National Assembly,41,,2009-12-09,http://www.parliament.bg/images/Assembly/877.png,
57ddd147-ee2c-4f1c-bb9c-92e60ac7c0ad,TSVETAN ASENOV TSVETANOV,TSVETAN ASENOV TSVETANOV,ts.tsvetanov@parliament.bg,,,Independent,independent,4,ВЕЛИКО ТЪРНОВО,National Assembly,41,2009-12-09,2010-03-31,http://www.parliament.bg/images/Assembly/877.png,
659b19cf-68f9-4fe5-acf9-e6751adac1f6,TSVETAN EMILOV SICHANOV,TSVETAN EMILOV SICHANOV,tsvetan.sichanov@parliament.bg,,,Political Party GERB,political_party_gerb,26,СОФИЯ ОБЛАСТ,National Assembly,41,,,http://www.parliament.bg/images/Assembly/1039.png,
a59f9f5a-a7ab-45ab-bcbd-cc6787b61229,TSVETAN KOSTOV KOSTOV,TSVETAN KOSTOV KOSTOV,tsvetan.kostov@parliament.bg,,,"The Blue Coalition - UtDF, DSB, The United Agrarians, BSDP, RDP","the_blue_coalition_-_utdf,_dsb,_the_united_agrarians,_bsdp,_rdp",15,ПЛЕВЕН,National Assembly,41,,,http://www.parliament.bg/images/Assembly/945.png,
664dfa29-51d7-45ba-ad8a-4571a8761d94,TSVETOMIR TSVETKOV MIHOV,TSVETOMIR TSVETKOV MIHOV,tsvetomir.mihov@parliament.bg,,,Political Party GERB,political_party_gerb,7,ГАБРОВО,National Assembly,41,,,http://www.parliament.bg/images/Assembly/894.png,
3a29a929-ea2e-4611-8692-3449807deeb3,TUNCHER MEXMEDOV KARDZHALIEV,TUNCHER MEXMEDOV KARDZHALIEV,Kardjaliev@parliament.bg,,,Movement for Rights and Freedoms,movement_for_rights_and_freedoms,28,ТЪРГОВИЩЕ,National Assembly,41,,,http://www.parliament.bg/images/Assembly/1055.png,
45b58f03-38d2-4570-a1df-ae301a2740cd,TUNDZHAY OSMANOV NAIMOV,TUNDZHAY OSMANOV NAIMOV,t.naimov@parliament.bg,,,Movement for Rights and Freedoms,movement_for_rights_and_freedoms,17,ПЛОВДИВ ОБЛАСТ,National Assembly,41,,,http://www.parliament.bg/images/Assembly/967.png,
444c924c-9553-45ae-8b58-c54902416634,VALENTIN ALEKSIEV NIKOLOV,VALENTIN ALEKSIEV NIKOLOV,valentin.nikolov@parliament.bg,,,Political Party GERB,political_party_gerb,23,СОФИЯ 1,National Assembly,41,,2011-02-16,http://www.parliament.bg/images/Assembly/1002.png,
444c924c-9553-45ae-8b58-c54902416634,VALENTIN ALEKSIEV NIKOLOV,VALENTIN ALEKSIEV NIKOLOV,valentin.nikolov@parliament.bg,,,Political Party GERB,political_party_gerb,23,СОФИЯ 1,National Assembly,41,2011-02-16,2012-03-23,http://www.parliament.bg/images/Assembly/1002.png,
45ff386c-6442-46aa-9314-4ae7b6b01129,VALENTIN NIKOLOV IVANOV,VALENTIN NIKOLOV IVANOV,valentin.ivanov@parliament.bg,,,ATAKA Party,ataka_party,8,ДОБРИЧ,National Assembly,41,,2011-05-26,http://www.parliament.bg/images/Assembly/895.png,
45ff386c-6442-46aa-9314-4ae7b6b01129,VALENTIN NIKOLOV IVANOV,VALENTIN NIKOLOV IVANOV,valentin.ivanov@parliament.bg,,,Independent,independent,8,ДОБРИЧ,National Assembly,41,2011-05-26,,http://www.parliament.bg/images/Assembly/895.png,
afdcfac1-7a06-4d73-99b1-9feb70799c3b,VALENTIN TONTCHEV MIKEV,VALENTIN TONTCHEV MIKEV,valentin.mikev@parliament.bg: v.mikev@abv.bg,,,Political Party GERB,political_party_gerb,10,КЮСТЕНДИЛ,National Assembly,41,,,http://www.parliament.bg/images/Assembly/907.png,
5848ce46-0a66-4968-abe5-8bd06a0bf1a7,VALENTINA VASILEVA BOGDANOVA,VALENTINA VASILEVA BOGDANOVA,valentina.bogdanova@parliament.bg,,,Coalition for Bulgaria,coalition_for_bulgaria,25,СОФИЯ 3,National Assembly,41,,,http://www.parliament.bg/images/Assembly/1023.png,
8b116e29-de25-4acc-b36d-7c08deb77b50,VALERI MARINOV ANGELOV,VALERI MARINOV ANGELOV,v.angelov@parliament.bg,,,Political Party GERB,political_party_gerb,6,ВРАЦА,National Assembly,41,2012-04-06,,http://www.parliament.bg/images/Assembly/1128.png,
808b0c8b-328c-441d-bdb8-7af03769b683,VANYA CHAVDAROVA DOBREVA,VANYA CHAVDAROVA DOBREVA,,,,Coalition for Bulgaria,coalition_for_bulgaria,23,СОФИЯ 1,National Assembly,41,2012-07-04,,http://www.parliament.bg/images/Assembly/1133.png,
156693a6-1897-4541-9d2a-9d3ee6577742,VANYA DONEVA GEORGIEVA,VANYA DONEVA GEORGIEVA,vanya.doneva@parliament.bg,,,Political Party GERB,political_party_gerb,8,ДОБРИЧ,National Assembly,41,,2012-10-11,http://www.parliament.bg/images/Assembly/896.png,
1c73ddbf-3748-4e1b-9f39-0fbc85704783,VANYO EVGENIEV SHARKOV,VANYO EVGENIEV SHARKOV,vanyo.sharkov@parliament.bg,,,"The Blue Coalition - UtDF, DSB, The United Agrarians, BSDP, RDP","the_blue_coalition_-_utdf,_dsb,_the_united_agrarians,_bsdp,_rdp",4,ВЕЛИКО ТЪРНОВО,National Assembly,41,,,http://www.parliament.bg/images/Assembly/872.png,
056c2ffa-f296-4f2d-8a30-baa6714d8619,VELICHKA NIKOLOVA SHOPOVA,VELICHKA NIKOLOVA SHOPOVA,velichka.shopova@parliament.bg,,,Political Party GERB,political_party_gerb,16,ПЛОВДИВ ГРАД,National Assembly,41,,,http://www.parliament.bg/images/Assembly/947.png,
78e0028d-8ff4-4821-8be0-2d78c5d17c65,VENTSISLAV ASENOV LAKOV,VENTSISLAV ASENOV LAKOV,ventsislav.lakov@parliament.bg; vencilakov@abv.bg,,,ATAKA Party,ataka_party,6,ВРАЦА,National Assembly,41,,,http://www.parliament.bg/images/Assembly/884.png,
15f4b5da-f201-4c41-9c20-a79268a5024f,VENTSISLAV VASILEV VARBANOV,VENTSISLAV VASILEV VARBANOV,vvarbanov@parliament.bg,,,"The Blue Coalition - UtDF, DSB, The United Agrarians, BSDP, RDP","the_blue_coalition_-_utdf,_dsb,_the_united_agrarians,_bsdp,_rdp",8,ДОБРИЧ,National Assembly,41,,2009-09-02,http://www.parliament.bg/images/Assembly/897.png,
15f4b5da-f201-4c41-9c20-a79268a5024f,VENTSISLAV VASILEV VARBANOV,VENTSISLAV VASILEV VARBANOV,vvarbanov@parliament.bg,,,Independent,independent,8,ДОБРИЧ,National Assembly,41,2009-09-02,2009-10-07,http://www.parliament.bg/images/Assembly/897.png,
15f4b5da-f201-4c41-9c20-a79268a5024f,VENTSISLAV VASILEV VARBANOV,VENTSISLAV VASILEV VARBANOV,vvarbanov@parliament.bg,,,"The Blue Coalition - UtDF, DSB, The United Agrarians, BSDP, RDP","the_blue_coalition_-_utdf,_dsb,_the_united_agrarians,_bsdp,_rdp",8,ДОБРИЧ,National Assembly,41,2010-02-24,2010-02-25,http://www.parliament.bg/images/Assembly/897.png,
15f4b5da-f201-4c41-9c20-a79268a5024f,VENTSISLAV VASILEV VARBANOV,VENTSISLAV VASILEV VARBANOV,vvarbanov@parliament.bg,,,Independent,independent,8,ДОБРИЧ,National Assembly,41,2010-02-25,,http://www.parliament.bg/images/Assembly/897.png,
cc182d42-ce24-4edd-bb95-c347efa330c2,VESELIN GRIGOROV SPIRIDONOV,VESELIN GRIGOROV SPIRIDONOV,,,,Political Party GERB,political_party_gerb,24,СОФИЯ 2,National Assembly,41,2012-12-11,,http://www.parliament.bg/images/Assembly/1138.png,
a620a612-3b03-40ce-8823-bd933c19b21e,VESELIN METODIEV PETROV,VESELIN METODIEV PETROV,veselin.metodiev@parliament.bg,,,"The Blue Coalition - UtDF, DSB, The United Agrarians, BSDP, RDP","the_blue_coalition_-_utdf,_dsb,_the_united_agrarians,_bsdp,_rdp",24,СОФИЯ 2,National Assembly,41,,,http://www.parliament.bg/images/Assembly/1011.png,
8f963c7e-cd9d-43fc-be1b-55fc173f4cb9,VESSELIN VELKOV DAVIDOV,VESSELIN VELKOV DAVIDOV,vesselin.davidov@parliament.bg,,,Political Party GERB,political_party_gerb,1,БЛАГОЕВГРАД,National Assembly,41,2011-11-09,,http://www.parliament.bg/images/Assembly/1120.png,
ef9a538f-7015-4d23-aac9-872d052672a5,VLADIMIR TSVETANOV TOSHEV,VLADIMIR TSVETANOV TOSHEV,"vladimir.toshev@parliament.bg, vtoshev@gmail.com",,,Political Party GERB,political_party_gerb,5,ВИДИН,National Assembly,41,,,http://www.parliament.bg/images/Assembly/879.png,
d8825464-705a-4d03-aa63-84046fdcecd7,VLADISLAV EVGENIEV DIMITROV,VLADISLAV EVGENIEV DIMITROV,vladislav.dimitrov@parliament.bg,,,Political Party GERB,political_party_gerb,14,ПЕРНИК,National Assembly,41,,,http://www.parliament.bg/images/Assembly/933.png,
fce10710-ceae-44ad-bf1d-3b315e0157dd,VLADISLAV IVANOV GORANOV,VLADISLAV IVANOV GORANOV,,,,Political Party GERB,political_party_gerb,25,СОФИЯ 3,National Assembly,41,,2009-08-20,http://www.parliament.bg/images/Assembly/1024.png,
9ffbe9fa-ef63-4b62-8a3a-3d2a0bbaa2b2,VOLEN NIKOLOV SIDEROV,VOLEN NIKOLOV SIDEROV,volen.siderov@parliament.bg,,,ATAKA Party,ataka_party,2,БУРГАС,National Assembly,41,,,http://www.parliament.bg/images/Assembly/846.png,
5385ff05-b66c-49c5-811b-f334aa271d42,VYARA DIMITROVA PETROVA,VYARA DIMITROVA PETROVA,vyara.petrova@parliament.bg,,,Political Party GERB,political_party_gerb,2,БУРГАС,National Assembly,41,2009-07-29,2011-02-04,http://www.parliament.bg/images/Assembly/1076.png,
5385ff05-b66c-49c5-811b-f334aa271d42,VYARA DIMITROVA PETROVA,VYARA DIMITROVA PETROVA,vyara.petrova@parliament.bg,,,Political Party GERB,political_party_gerb,2,БУРГАС,National Assembly,41,2011-02-16,,http://www.parliament.bg/images/Assembly/1076.png,
55edd82c-673b-43cc-9c41-ea5b439d1600,YANAKI BOYANOV STOILOV,YANAKI BOYANOV STOILOV,yanaki.stoilov@parliament.bg,,,Coalition for Bulgaria,coalition_for_bulgaria,12,МОНТАНА,National Assembly,41,,,http://www.parliament.bg/images/Assembly/922.png,
19fe4c4e-6fde-4085-8591-e73aca278280,YANE GEORGIEV YANEV,YANE GEORGIEV YANEV,yanev@parliament.bg;y.yanev@parliament.bg,,,"Order, Lawfulness, Justice","order,_lawfulness,_justice",1,БЛАГОЕВГРАД,National Assembly,41,,2009-12-09,http://www.parliament.bg/images/Assembly/844.png,
19fe4c4e-6fde-4085-8591-e73aca278280,YANE GEORGIEV YANEV,YANE GEORGIEV YANEV,yanev@parliament.bg;y.yanev@parliament.bg,,,Independent,independent,1,БЛАГОЕВГРАД,National Assembly,41,2009-12-09,,http://www.parliament.bg/images/Assembly/844.png,
5109611b-284a-4b12-9189-62db62c6e198,YANKO ALEKSANDROV YANKOV,YANKO ALEKSANDROV YANKOV,yanko.yankov@parliament.bg,,,Movement for Rights and Freedoms,movement_for_rights_and_freedoms,21,СЛИВЕН,National Assembly,41,,,http://www.parliament.bg/images/Assembly/992.png,
7bca5655-df7c-4d74-98b1-5c75aefaa374,YANKO IVANOV ZDRAVKOV,YANKO IVANOV ZDRAVKOV,yanko.ivanov@parliament.bg,,,Political Party GERB,political_party_gerb,6,ВРАЦА,National Assembly,41,2009-07-29,,http://www.parliament.bg/images/Assembly/1077.png,
0353e2cf-701b-4b97-bce9-a4a77d3c1187,YAVOR BOZHILOV NOTEV,YAVOR BOZHILOV NOTEV,yavor.notev@parliament.bg,,,ATAKA Party,ataka_party,23,СОФИЯ 1,National Assembly,41,,,http://www.parliament.bg/images/Assembly/1009.png,
9b56710f-7605-4389-a75f-a5512264e6ff,YORDAN GEORGIEV ANDONOV,YORDAN GEORGIEV ANDONOV,yordan.andonov@parliament.bg,,,Political Party GERB,political_party_gerb,1,БЛАГОЕВГРАД,National Assembly,41,2011-11-09,,http://www.parliament.bg/images/Assembly/1112.png,
ae8d835b-456c-44c5-b510-2cc027a7e378,YOUNAL SAID LOUTFI,YOUNAL SAID LOUTFI,younal.loutfi@parliament.bg,,,Movement for Rights and Freedoms,movement_for_rights_and_freedoms,29,ХАСКОВО,National Assembly,41,,,http://www.parliament.bg/images/Assembly/1063.png,
b90b2a76-eac2-47a7-be3b-70a7a55b89eb,YULIANA GENCHEVA KOLEVA,YULIANA GENCHEVA KOLEVA,yuliana.koleva@parliament.bg,,,Political Party GERB,political_party_gerb,21,СЛИВЕН,National Assembly,41,,2012-09-28,http://www.parliament.bg/images/Assembly/991.png,
7c2dfe04-d21f-42d2-98f1-80b3955a9c1d,ZAHARI DIMITROV GEORGIEV,ZAHARI DIMITROV GEORGIEV,z.georgiev@parliament.bg,,,Coalition for Bulgaria,coalition_for_bulgaria,16,ПЛОВДИВ ГРАД,National Assembly,41,,,http://www.parliament.bg/images/Assembly/949.png,
5f6d593d-0e47-4b71-8a5b-d043e92670c2,ZHIVKO VESELINOV TODOROV,ZHIVKO VESELINOV TODOROV,zhivko.todorov@parliament.bg,,,Political Party GERB,political_party_gerb,27,СТАРА ЗАГОРА,National Assembly,41,,2011-11-04,http://www.parliament.bg/images/Assembly/1042.png,
593bda1b-649e-4444-930f-4fc16952db04,ZLATKO DIMITROV TODOROV,ZLATKO DIMITROV TODOROV,z.todorov@parliament.bg,,,Political Party GERB,political_party_gerb,12,МОНТАНА,National Assembly,41,2012-04-04,,http://www.parliament.bg/images/Assembly/1127.png,
b7a13c4e-0b21-4898-a820-6de41f9e7009,ZOYA YANEVA GEORGIEVA,ZOYA YANEVA GEORGIEVA,zoya.georgieva@parliament.bg,,,Political Party GERB,political_party_gerb,16,ПЛОВДИВ ГРАД,National Assembly,41,,,http://www.parliament.bg/images/Assembly/950.png,
f4dfa154-9d4a-4848-8c2f-e4a39c4adbad,БОЖИДАР ДИМИТРОВ СТОЯНОВ,БОЖИДАР ДИМИТРОВ СТОЯНОВ,,,,Political Party GERB,political_party_gerb,2,БУРГАС,National Assembly,41,,2009-07-27,http://www.parliament.bg/images/Assembly/845.png,
f4dfa154-9d4a-4848-8c2f-e4a39c4adbad,БОЖИДАР ДИМИТРОВ СТОЯНОВ,БОЖИДАР ДИМИТРОВ СТОЯНОВ,,,,Political Party GERB,political_party_gerb,2,БУРГАС,National Assembly,41,2011-02-04,2011-02-09,http://www.parliament.bg/images/Assembly/845.png,
1617b789-9a3b-4a80-9bd8-a269a6b71015,ВЕЖДИ ЛЕТИФ РАШИДОВ,ВЕЖДИ ЛЕТИФ РАШИДОВ,,,,Political Party GERB,political_party_gerb,9,КЪРДЖАЛИ,National Assembly,41,,2009-07-27,http://www.parliament.bg/images/Assembly/903.png,
0cecc15e-92f4-4264-ac4f-059870949928,ЙОРДАНКА АСЕНОВА ФАНДЪКОВА,ЙОРДАНКА АСЕНОВА ФАНДЪКОВА,,,,Political Party GERB,political_party_gerb,24,СОФИЯ 2,National Assembly,41,,2009-07-27,http://www.parliament.bg/images/Assembly/1015.png,
8383e7d8-8fb0-493d-85bc-27dbaab15fa8,МИРОСЛАВ ХРИСТОФОРОВ НАЙДЕНОВ,МИРОСЛАВ ХРИСТОФОРОВ НАЙДЕНОВ,,,,Political Party GERB,political_party_gerb,6,ВРАЦА,National Assembly,41,,2009-07-27,http://www.parliament.bg/images/Assembly/887.png,
5aceb73e-251d-47b8-9929-c4d191505623,СVETOSLAV NEDELTSCHEV NEDELTSCHEV,СVETOSLAV NEDELTSCHEV NEDELTSCHEV,svetoslav.nedelchev@parliament.bg,,,Political Party GERB,political_party_gerb,3,ВАРНА,National Assembly,41,,,http://www.parliament.bg/images/Assembly/866.png,
5b7fd990-bbba-475e-9e61-0714a8298e3d,ЦВЕТАН ГЕНЧЕВ ЦВЕТАНОВ,ЦВЕТАН ГЕНЧЕВ ЦВЕТАНОВ,,,,Political Party GERB,political_party_gerb,4,ВЕЛИКО ТЪРНОВО,National Assembly,41,,2009-07-27,http://www.parliament.bg/images/Assembly/878.png,
