id,name,email,twitter,group,group_id,area,chamber,term,start_date,end_date
979,Aaisha Gulalai,,,PTI,pti,"",National Assembly,14,2013-06-01,
995,Aasiya Nasir,,,JUI-F,juif,"",National Assembly,14,2013-06-01,
922,Abdul Hakeem Baloch,,,PML(N),pmln,NA-258 (Karachi-XX),National Assembly,14,2013-06-01,
924,Abdul Rahim Mandokhail,,,PMAP,pmap,NA-260 (QUETTA-CUM-CHANGAI-CUM-NUSHKI (OLD QUETTA-CUM-CHAGAI-CUM-MUSTANG)),National Assembly,14,2013-06-01,
917,Abdul Rashid Godil,,,MQM,mqm,NA-252 (Karachi-XIV),National Assembly,14,2013-06-01,
823,Abdul Rehman Khan Kanju,,,PML(N),pmln,NA-155 (Lodhran-II),National Assembly,14,2013-06-01,
891,Abdul Sattar Bachani,,,PPPP,pppp,NA-223 (Hyderabad-VI),National Assembly,14,2013-06-01,
908,Abdul Waseem,,,MQM,mqm,NA-243 (Karachi-V),National Assembly,14,2013-06-01,
785,Ahsan Iqbal,,,PML(N),pmln,NA-117 (Narowal-III),National Assembly,14,2013-06-01,
876,Aijaz Hussain Jakhrani,,,PPPP,pppp,NA-208 (JACOBABAD (OLD JACOBABAD-I)),National Assembly,14,2013-06-01,
983,Aisha,,,JI,ji,"",National Assembly,14,2013-06-01,
857,Alam Dad Laleka,,,PML(N),pmln,NA-189 (Bahawalnagar-II),National Assembly,14,2013-06-01,
1016,Alhaaj Ghulam Ahmad Bilour,,,ANP,anp,NA-1 (Peshawar-I),National Assembly,14,2013-08-30,
716,Alhaj Shah Jee Gul Afridi,,,IND,ind,NA-45 (Tribal Area-X),National Assembly,14,2013-06-01,
868,Ali Gohar Khan Mahar,,,PPPP,pppp,NA-200 (Ghotki-I),National Assembly,14,2013-06-01,
1002,Amra Khan,,,PML(N),pmln,"",National Assembly,14,2013-06-03,
937,Anusha Rahman Ahmad Khan,,,PML(N),pmln,"",National Assembly,14,2013-06-01,
951,Arifa Khalid Parvez,,,PML(N),pmln,"",National Assembly,14,2013-06-01,
880,Asghar Ali Shah,,,PPPP,pppp,NA-212 (Naushero Feroze-II),National Assembly,14,2013-06-01,
826,Aslam Bodla,,,PML(N),pmln,NA-158 (Khanewal-III),National Assembly,14,2013-06-01,
946,Asyia Naz Tanoli,,,PML(N),pmln,"",National Assembly,14,2013-06-01,
769,Azhar Qayyum Nahra,,,PML(N),pmln,NA-100 (Gujranwala-VI),National Assembly,14,2013-06-01,
944,Begum Majeeda Wyne,,,PML(N),pmln,"",National Assembly,14,2013-06-01,
982,Begum Tahira Bukhari,,,PML(N),pmln,"",National Assembly,14,2013-06-01,
988,Bhawan Das,,,PML(N),pmln,"",National Assembly,14,2013-06-01,
694,Capt (R) Muhammad Safdar,,,PML(N),pmln,NA-21 (Mansehra-cum-Tor Ghar (Old Mansehra-II)),National Assembly,14,2013-06-01,
763,Ch Asad Ur Rehman,,,PML(N),pmln,NA-94 (T.T.Singh-III),National Assembly,14,2013-06-01,
774,Ch Jaffar Iqbal,,,PML(N),pmln,NA-106 (Gujrat-III),National Assembly,14,2013-06-01,
722,Ch Nisar Ali Khan,,,PML(N),pmln,NA-52 (Rawalpindi-III),National Assembly,14,2013-06-01,
775,Ch. Abid Raza,,,PML(N),pmln,NA-107 (Gujrat-IV),National Assembly,14,2013-06-01,
773,Ch. Pervaiz Ellahi,,,PML,pml,NA-105 (Gujrat-II),National Assembly,14,2013-06-01,
855,Ch.Tariq Bashir Cheema,,,PML,pml,NA-187 (Bahawalpur-V),National Assembly,14,2013-06-01,
829,Chaudhary Muhammad Ashraf,,,PML(N),pmln,NA-161 (Sahiwal-II),National Assembly,14,2013-06-01,
835,Chaudhary Nazeer Ahmad,,,PML(N),pmln,NA-167 (Vehari-I),National Assembly,14,2013-06-01,
732,Chaudhry Khadim Hussain,,,PML(N),pmln,NA-62 (Jhelum-I),National Assembly,14,2013-06-01,
761,Chaudhry Khalid Javaid  Warraich,,,PML(N),pmln,NA-92 (T.T.Singh-I),National Assembly,14,2013-06-01,
766,Chaudhry Mahmood Bashir Virk,,,PML(N),pmln,NA-97 (Gujranwala-III),National Assembly,14,2013-06-01,
831,Chaudhry Muhammad Munir Azhar,,,PML(N),pmln,NA-163 (Sahiwal-IV),National Assembly,14,2013-06-01,
779,Chaudry Armaghan Subhani,,,PML(N),pmln,NA-111 (Sialkot-II),National Assembly,14,2013-06-01,
827,Choudhary Iftikhar Nazir,,,PML(N),pmln,NA-159 (Khanewal-IV),National Assembly,14,2013-06-01,
749,Choudhry Muhammad Shahbaz Babar,,,PML(N),pmln,NA-79 (Faisalabad-V),National Assembly,14,2013-06-01,
804,Chudhary Bilal Ahmed Virk,,,PML(N),pmln,NA-136 (NANKANA SAHIB-II-CUM-SHEIKHUPURA (Old Sheikhupura-VI)),National Assembly,14,2013-06-01,
736,Chudhary Hamid Hameed,,,PML(N),pmln,NA-66 (Sargodha-III),National Assembly,14,2013-06-01,
1033,Col. (Retd) Amirullah Marwat,,,PTI,pti,NA-27 (Lakki Marwat),National Assembly,14,2013-09-26,
784,Daniyal Aziz,,,PML(N),pmln,NA-116 (Narowal-II),National Assembly,14,2013-06-01,
843,Doctor Hafeez Ur Rehman Khan Drishak,,,PML(N),pmln,NA-175 (Rajanpur-II),National Assembly,14,2013-06-01,
914,Doctor Muhammad Farooq Sattar,,,MQM,mqm,NA-249 (Karachi-XI),National Assembly,14,2013-06-01,
915,Dr.  Arif Alvi,,,PTI,pti,NA-250 (Karachi-XII),National Assembly,14,2013-06-01,
999,Dr. Asma Mamdot,,,PML(N),pmln,"",National Assembly,14,2013-06-03,
881,Dr. Azra Fazal Pechuho,,,PPPP,pppp,NA-213 (Nawabshah-I),National Assembly,14,2013-06-01,
987,Dr. Darshan,,,PML(N),pmln,"",National Assembly,14,2013-06-01,
893,Dr. Fehmida Mirza,,,PPPP,pppp,NA-225 (BADIN-CUM-TANDO MUHAMMAD KHAN-II (OLD BADIN-II)),National Assembly,14,2013-06-01,
1038,Dr. Fouzia Hameed,,,MQM,mqm,"",National Assembly,14,2014-08-04,
1031,Dr. Imran Khattak,,,PTI,pti,NA-5 (Nowshera-I),National Assembly,14,2013-09-23,
887,Dr. Khalid Maqbool Siddiqui,,,MQM,mqm,NA-219 (Hyderabad-II),National Assembly,14,2013-06-01,
744,Dr. Muhammad Afzal Khan Dhandla,,,PML(N),pmln,NA-74 (Bhakkar-II),National Assembly,14,2013-06-01,
690,Dr. Muhammad Azhar Khan Jadoon,,,PTI,pti,NA-17 (Abbottabad-I),National Assembly,14,2013-06-01,
972,Dr. Nikhat Shakeel Khan,,,MQM,mqm,"",National Assembly,14,2013-06-01,
751,Dr. Nisar Ahmad Jatt,,,PML(N),pmln,NA-81 (Faisalabad-VII),National Assembly,14,2013-06-01,
997,Dr. Ramesh Kumar Vankwani,,,PML(N),pmln,"",National Assembly,14,2013-06-01,
1042,Dr. Shezra Mansab Ali Khan Kharal,,,PML(N),pmln,NA-137 (Nankana Sahib-III (Old Sheikhupra-VII)),National Assembly,14,2015-03-24,
960,Dr. Shireen Mehrunnisa Mazari,,,PTI,pti,"",National Assembly,14,2013-06-01,
719,Dr. Tariq Fazal Chudhary,,,PML(N),pmln,NA-49 (Islamabad-II),National Assembly,14,2013-06-01,
737,Dr. Zulfiqar Ali Bhatti,,,PML(N),pmln,NA-67 (Sargodha-IV),National Assembly,14,2013-06-01,
878,Ehsan ur Rehman Mazari,,,PPPP,pppp,NA-210 (KASHMORE (OLD JACOBABAD-III)),National Assembly,14,2013-06-01,
1032,Engineer Dawar Khan Kundi,,,PTI,pti,NA-25 (D.I.Khan-cum-Tank),National Assembly,14,2013-09-25,
765,Engr Khurram Dastgir Khan,,,PML(N),pmln,NA-96 (Gujranwala-II),National Assembly,14,2013-06-01,
675,Engr. Hamid-ul-Haq Khalil,,,PTI,pti,NA-2 (Peshawar-II),National Assembly,14,2013-06-01,
955,Farhana Qamar,,,PML(N),pmln,"",National Assembly,14,2013-06-01,
875,Faryal Talpur,,,PPPP,pppp,NA-207 (LARKANA-CUM-KAMBER SHAHDADKOT (OLD LARKANA-IV)),National Assembly,14,2013-06-01,
871,Ghous Bux Khan Mahar,,,PML-F,pmlf,NA-203 (SHIKARPUR-CUM-SUKKUR (OLD SHIKARPUR-II)),National Assembly,14,2013-06-01,
840,Hafiz Abdul Kareem,,,PML(N),pmln,NA-172 (D.G.Khan-II),National Assembly,14,2013-06-01,
754,Haji Muhammad Akram Ansari,,,PML(N),pmln,NA-85 (Faisalabad-XI),National Assembly,14,2013-06-01,
957,Iffat Liaqat,,,PML(N),pmln,"",National Assembly,14,2013-06-01,
899,Imran Zafar Leghari,,,PPPP,pppp,NA-233 (DADU-II (OLD DADU-III)),National Assembly,14,2013-06-01,
920,Iqbal Muhammad Ali Khan,,,MQM,mqm,NA-256 (Karachi-XVIII),National Assembly,14,2013-06-01,
989,Isphanyar M. Bhandara,,,PML(N),pmln,"",National Assembly,14,2013-06-01,
933,Jam Kamal Khan,,,PML(N),pmln,NA-270 (Awaran-cum-Lasbella),National Assembly,14,2013-06-01,
846,Jamshed Ahmad,,,IND,ind,NA-178 (Muzaffargarh-III),National Assembly,14,2013-06-03,
770,Justice (Retd) Iftikhar Ahmad Cheema,,,PML(N),pmln,NA-101 (Gujranwala-VII),National Assembly,14,2013-06-01,
931,Khalid Hussain Magsi,,,PML(N),pmln,NA-267 (Kachhi),National Assembly,14,2013-06-01,
945,Khalida Mansoor,,,PML(N),pmln,"",National Assembly,14,2013-06-01,
991,Khalil George,,,PML(N),pmln,"",National Assembly,14,2013-06-01,
778,Khawaja Muhammad Asif,,,PML(N),pmln,NA-110 (Sialkot-I),National Assembly,14,2013-06-01,
793,Khawaja Saad Rafique,,,PML(N),pmln,NA-125 (Lahore-VIII),National Assembly,14,2013-06-01,
860,Khwaja Ghulam Rasool Koreja,,,PPPP,pppp,NA-192 (R.Y.Khan-I),National Assembly,14,2013-06-01,
984,Kiran Haider,,,PML(N),pmln,"",National Assembly,14,2013-06-01,
969,Kishwer Zehra,,,MQM,mqm,"",National Assembly,14,2013-06-01,
993,Lal Chand Malhi,,,PTI,pti,"",National Assembly,14,2013-06-03,
950,Leila Khan,,,PML(N),pmln,"",National Assembly,14,2013-06-01,
745,Lt. Col. (R) Ghulam Rasool Sahi,,,PML(N),pmln,NA-75 (Faisalabad-I),National Assembly,14,2013-06-01,
934,Lt.G.(R) Abdul Qadir Baloch,,,PML(N),pmln,NA-271 (Kharan-cum-Panjgur),National Assembly,14,2013-06-01,
954,Maiza Hameed,,,PML(N),pmln,"",National Assembly,14,2013-06-01,
730,Major Rtd Tahir Iqbal,,,PML(N),pmln,NA-60 (Chakwal-I),National Assembly,14,2013-06-01,
886,Makhdoom Muhammad Ameen Fahim,,,PPPP,pppp,NA-218 (MATIARI-CUM-HYDERABAD (OLD HYDERABAD-I)),National Assembly,14,2013-06-01,
818,Makhdoom Shah Mahmood Hussain Qureshi,,,PTI,pti,NA-150 (Multan-III),National Assembly,14,2013-06-03,
851,Makhdoom Syed Ali Hassan Gillani,,,PML(N),pmln,NA-183 (Bahawalpur-I),National Assembly,14,2013-06-01,
863,Makhdoom Syed Mustafa Mehmood,,,PPPP,pppp,NA-195 (R.Y.Khan-IV),National Assembly,14,2013-06-01,
847,Makhdoomzada Basit Bokhari,,,PML(N),pmln,NA-179 (Muzaffargarh-IV),National Assembly,14,2013-06-01,
862,Makhdum Khusro Bakhtyar,,,PML(N),pmln,NA-194 (R.Y.Khan-III),National Assembly,14,2013-06-01,
816,Malik Abdul Ghaffar Dogar,,,PML(N),pmln,NA-148 (Multan-I),National Assembly,14,2013-06-01,
897,Malik Asad Sikandar,,,PPPP,pppp,NA-231 (JAMSHORO (OLD DADU-I)),National Assembly,14,2013-06-01,
724,Malik Ibrar Ahmed,,,PML(N),pmln,NA-54 (Rawalpindi-V),National Assembly,14,2013-06-01,
728,Malik Ihtebar Khan,,,PML(N),pmln,NA-58 (Attock-II),National Assembly,14,2013-06-01,
733,Malik Iqbal Mehdi Khan,,,PML(N),pmln,NA-63 (Jhelum-II),National Assembly,14,2013-06-01,
1040,Malik Muhammad Amir Dogar,,,IND,ind,NA-149 (Multan-II),National Assembly,14,2014-10-27,
1035,Malik Muhammad Uzair Khan,,,PML(N),pmln,NA-69 (Khushab-I),National Assembly,14,2014-01-27,
740,Malik Shakir Bashir Awan,,,PML(N),pmln,NA-70 (Khushab-II),National Assembly,14,2013-06-01,
844,Malik Sultan Mehmood Hanjra,,,PML(N),pmln,NA-176 (Muzaffargarh-I),National Assembly,14,2013-06-01,
1000,Marriyum Aurangzeb,,,PML(N),pmln,"",National Assembly,14,2013-06-03,
975,Marvi Memon,,,PML(N),pmln,"",National Assembly,14,2013-06-01,
697,Maulana Fazal Ur Rehman,,,JUI-F,juif,NA-24 (D.I.Khan ),National Assembly,14,2013-06-05,
680,Maulana Muhammad Gohar Shah,,,JUI-F,juif,NA-7 (Charsadda-I),National Assembly,14,2013-06-01,
789,Mehar Ishtiaq Ahmad,,,PML(N),pmln,NA-121 (Lahore-IV),National Assembly,14,2013-06-01,
907,Mehboob Alam,,,MQM,mqm,NA-242 (Karachi-IV),National Assembly,14,2013-06-01,
923,Mehmood Khan Achakzai,,,PMAP,pmap,NA-259 (Quetta),National Assembly,14,2013-06-01,
1020,Mian Abdul Manan,,,PML(N),pmln,NA-83 (Faisalabad-IX),National Assembly,14,2013-08-30,
864,Mian Imtiaz Ahmad,,,PML(N),pmln,NA-196 (R.Y.Khan-V),National Assembly,14,2013-06-01,
801,Mian Javid Latif,,,PML(N),pmln,NA-133 (SHEIKHUPURA-III),National Assembly,14,2013-06-01,
750,Mian Muhammad Farooq,,,PML(N),pmln,NA-80 (Faisalabad-VI),National Assembly,14,2013-06-01,
783,Mian Muhammad Rasheed,,,PML(N),pmln,NA-115 (Narowal-I),National Assembly,14,2013-06-01,
852,Mian Najeebuddin Awaisi,,,PML(N),pmln,NA-184 (Bahawalpur-II),National Assembly,14,2013-06-01,
854,Mian Riaz Hussain Peerzada,,,PML(N),pmln,NA-186 (Bahawalpur-IV),National Assembly,14,2013-06-01,
1021,Mian Shahid Hussain Khan Bhatti,,,PML(N),pmln,NA-103 (Hafizabad-II),National Assembly,14,2013-09-16,
767,Mian Tariq Mehmood,,,PML(N),pmln,NA-98 (Gujranwala-IV),National Assembly,14,2013-06-01,
874,Mir Aamir Ali Khan Magsi,,,PPPP,pppp,NA-206 (KAMBER SHAHDADKOT (OLD LARKANA-III)),National Assembly,14,2013-06-01,
929,Mir Dostain Khan Domki,,,PML(N),pmln,NA-265 (Sibi-cum-Kolhu-cum-Dera Bugti),National Assembly,14,2013-06-01,
895,Mir Munawar Ali Talpur,,,PPPP,pppp,NA-227 (MIRPURKHAS-CUM-UMERKOT (II) (OLD MIRPURKHAS-II)),National Assembly,14,2013-06-03,
877,Mir Shabbir Ali Bijarani,,,PPPP,pppp,NA-209 (JACOBABAD-CUM-KASHMORE (OLD JACOBABAD-II)),National Assembly,14,2013-06-01,
1024,Miss Shazia Marri,,,PPPP,pppp,NA-235 (SANGHAR-CUM-MIRPURKHAS-CUM-UMERKOT (OLD SANGHAR-II)),National Assembly,14,2013-08-30,
872,Mohammad Ayaz Soomro,,,PPPP,pppp,NA-204 (LARKANA (Old Larkana)),National Assembly,14,2013-06-01,
824,Mohammad Raza Hayat Harraj,,,PML(N),pmln,NA-156 (Khanewal-I),National Assembly,14,2013-06-01,
904,Mohammad Salman Khan Baloch,,,MQM,mqm,NA-239 (Karachi-I),National Assembly,14,2013-06-01,
927,Molana Ameer Zaman,,,JUI-F,juif,NA-263 (Loralai),National Assembly,14,2013-06-01,
936,Molana Qamar ud Din,,,JUI-F,juif,NA-269 (Khuzdar),National Assembly,14,2013-06-01,
928,Moulana Mohammad Khan Sherani,,,JUI-F,juif,NA-264 (Zhob-cum-Killa-Sherani Saifullah),National Assembly,14,2013-06-01,
1034,Moulvi Agha Muhammad,,,JUI-F,juif,NA-261 (Pishin-cum-Ziarat),National Assembly,14,2013-12-19,
743,Mr Abdul Majeed Khan,,,PML(N),pmln,NA-73 (Bhakkar-I),National Assembly,14,2013-06-01,
753,Mr Abid Sher Ali,,,PML(N),pmln,NA-84 (Faisalabad-X),National Assembly,14,2013-06-01,
681,Mr Aftab Ahmad Khan Sherpao,,,QWP-S,qwps,NA-8 (Charsadda-II),National Assembly,14,2013-06-01,
699,Mr Akram Khan Durrani,,,JUI-F,juif,NA-26 (Bannu),National Assembly,14,2013-06-01,
683,Mr Ali Muhammad Khan,,,PTI,pti,NA-10 (Mardan-II),National Assembly,14,2013-06-01,
682,Mr Amir Haider Khan,,,ANP,anp,NA-9 (Mardan-I),National Assembly,14,2013-06-01,
742,Mr Amjid Ali Khan,,,PTI,pti,NA-72 (Mianwali-II),National Assembly,14,2013-06-01,
709,Mr Bilal Rehman,,,IND,ind,NA-36 (Tribal Area-I),National Assembly,14,2013-06-01,
714,Mr Bismillah Khan,,,IND,ind,NA-43 (Tribal Area-VIII),National Assembly,14,2013-06-01,
712,Mr Ghalib Khan,,,PML(N),pmln,NA-41 (Tribal Area-VI),National Assembly,14,2013-06-01,
756,Mr Ghulam Muhammad Lali,,,PML(N),pmln,NA-87 (CHINIOT-II Cum-Jhang (Old NA-88 Jhang-III)),National Assembly,14,2013-06-01,
723,Mr Ghulam Sarwar Khan,,,PTI,pti,NA-53 (Rawalpindi-IV),National Assembly,14,2013-06-01,
677,Mr Gulzar Khan,,,PTI,pti,NA-4 (Peshawar-IV),National Assembly,14,2013-06-01,
704,Mr Ibadullah,,,PML(N),pmln,NA-31 (Shanglapar),National Assembly,14,2013-06-01,
705,Mr Iftikhar ud Din,,,APML,apml,NA-32 (Chitral),National Assembly,14,2013-06-01,
726,Mr Imran Khan,,,PTI,pti,NA-56 (Rawalpindi-VII),National Assembly,14,2013-06-19,
708,Mr Junaid Akbar,,,PTI,pti,NA-35 (MALAKAND PROTECTED AREA),National Assembly,14,2013-06-01,
689,Mr Khial Zaman Orakzai,,,PTI,pti,NA-16 (Hangu),National Assembly,14,2013-06-01,
735,Mr Mohsin Shah Nawaz Ranjha,,,PML(N),pmln,NA-65 (Sargodha-II),National Assembly,14,2013-06-01,
713,Mr Muhammad Jamal ud Din,,,JUI-F,juif,NA-42 (Tribal Area-VII),National Assembly,14,2013-06-01,
788,"Mr Muhammad Nawaz Sharif, Prime Minister Islamic Republic of Pakistan",,,PML(N),pmln,NA-120 (Lahore-III),National Assembly,14,2013-06-01,
711,Mr Muhammad Nazir Khan,,,PML(N),pmln,NA-40 (Tribal Area-V),National Assembly,14,2013-06-01,
746,Mr Muhammad Tallal Chaudry,,,PML(N),pmln,NA-76 (Faisalabad-II),National Assembly,14,2013-06-01,
729,Mr Muhammad Zain Elahi,,,IND,ind,NA-59 (Attock-III),National Assembly,14,2013-06-01,
684,Mr Mujahid Ali,,,PTI,pti,NA-11 (Mardan-III),National Assembly,14,2013-06-01,
702,Mr Murad Saeed,,,PTI,pti,NA-29 (Swat-I),National Assembly,14,2013-06-01,
691,"Mr Murtaza Javed Abbasi,Deputy Speaker National Assembly",,,PML(N),pmln,NA-18 (Abbottabad-II),National Assembly,14,2013-06-01,
688,Mr Nasir Khan Khattak,,,PTI,pti,NA-15 (Karak),National Assembly,14,2013-06-01,
717,Mr Qaisar Jamal,,,PTI,pti,NA-47 (Tribal Area-XII),National Assembly,14,2013-06-01,
748,Mr Rajab Ali Khan Baloch,,,PML(N),pmln,NA-78 (Faisalabad-IV),National Assembly,14,2013-06-01,
1013,Mr Sajid Hussain Turi,,,IND,ind,NA-37 (Tribal Area-II),National Assembly,14,2013-06-01,
676,Mr Sajid Nawaz,,,PTI,pti,NA-3 (Peshawar-III),National Assembly,14,2013-06-01,
703,Mr Salim Rehman,,,PTI,pti,NA-30 (Swat-II),National Assembly,14,2013-06-01,
715,Mr Shahab Ud Din Khan,,,PML(N),pmln,NA-44 (Tribal Area-IX),National Assembly,14,2013-06-01,
720,Mr Shahid Khaqan Abbasi,,,PML(N),pmln,NA-50 (Rawalpindi-I),National Assembly,14,2013-06-01,
687,Mr Shehryar Afridi,,,PTI,pti,NA-14 (Kohat),National Assembly,14,2013-06-01,
701,Mr Sher Akbar Khan,,,JI,ji,NA-28 (Bunair ),National Assembly,14,2013-06-01,
679,Mr Siraj Muhammad Khan,,,PTI,pti,NA-6 (Nowshera-II),National Assembly,14,2013-06-01,
685,Mr Usman Khan Tarrakai,,,AJIP,ajip,NA-12 (Swabi-I),National Assembly,14,2013-06-01,
1011,Mr.  Faqir Sher Muhammad Bilaiani,,,PPPP,pppp,NA-229 (Tharparkar-I),National Assembly,14,2013-06-05,
696,Mr.  Sar Zamin Khan,,,PML(N),pmln,NA-23 (Kohistan ),National Assembly,14,2013-06-01,
1027,Mr. Abdul Qahar Khan Wadan,,,PMAP,pmap,NA-262 (Killa Abdullah),National Assembly,14,2013-08-30,
1037,Mr. Aftab Shahban Mirani,,,PPPP,pppp,NA-202 (SHIKARPUR (OLD SHIKARPUR-I)),National Assembly,14,2014-05-12,
1028,Mr. Aqibullah,,,PTI,pti,NA-13 (Swabi-II),National Assembly,14,2013-08-30,
1017,Mr. Asad Umar,,,PTI,pti,NA-48 (Islamabad-I),National Assembly,14,2013-09-16,
1023,Mr. Ghulam Rabbani Khar,,,PPPP,pppp,NA-177 (Muzaffargarh-II),National Assembly,14,2013-09-16,
1044,Mr. Kanwar Naveed,,,MQM,mqm,NA-246 (Karachi-VIII),National Assembly,14,2015-04-29,
1026,Mr. Muhammad Ali Rashid,,,MQM,mqm,NA-254 (Karachi-XVI),National Assembly,14,2013-09-16,
1014,Mr. Nasir Khan,,,IND,ind,NA-46 (Tribal Area-XI),National Assembly,14,2013-06-12,
1019,Mr. Obaid Ullah Khan Shadi Khel,,,PML(N),pmln,NA-71 (Mianwali-I),National Assembly,14,2013-08-30,
1036,Mr. Omar Ayub Khan,,,PML(N),pmln,NA-19 (Haripur),National Assembly,14,2014-03-24,
986,Mrs. Aliya Kamran,,,JUI-F,juif,"",National Assembly,14,2013-06-01,
967,Mrs. Alizeh Iqbal Haider,,,PPPP,pppp,"",National Assembly,14,2013-06-01,
1009,Mrs. Belum Hasnain,,,PPPP,pppp,"",National Assembly,14,2013-06-05,
966,Mrs. Mahreen Razaque Bhutto,,,PPPP,pppp,"",National Assembly,14,2013-06-01,
968,Mrs. Musarat Rafique Mahesar,,,PPPP,pppp,"",National Assembly,14,2013-06-01,
962,Mrs. Shahida Rehmani,,,PPPP,pppp,"",National Assembly,14,2013-06-03,
1025,Mrs. Shamas-un-Nisa,,,PPPP,pppp,NA-237 (Thatta-I),National Assembly,14,2013-08-30,
757,Ms Ghulam Bibi Bharwana,,,PML(N),pmln,NA-88 (JHANG-Cum-Chiniot (Old NA-87 Jhang-II)),National Assembly,14,2013-06-01,
963,Ms Shagufta Jumani,,,PPPP,pppp,"",National Assembly,14,2013-06-03,
964,Ms. Nafisa Shah,,,PPPP,pppp,"",National Assembly,14,2013-06-01,
1022,Ms. Shazia Mubashar,,,PML(N),pmln,NA-129 (Lahore-XII),National Assembly,14,2013-09-16,
1029,Ms. Suraiya Jatoi,,,PPPP,pppp,"",National Assembly,14,2013-09-16,
1043,Mst. Kiran Imran Dar,,,PML(N),pmln,"",National Assembly,14,2015-04-27,
985,Mst. Naseema,,,PMAP,pmap,"",National Assembly,14,2013-06-01,
796,Muhammad Afzal Khokhar,,,PML(N),pmln,NA-128 (Lahore-XI),National Assembly,14,2013-06-01,
812,Muhammad Arif Ch,,,PML(N),pmln,NA-144 (Okara-II),National Assembly,14,2013-06-01,
865,Muhammad Arshad Khan Laghari,,,PML(N),pmln,NA-197 (R.Y.Khan-VI),National Assembly,14,2013-06-01,
747,Muhammad Asim Nazir,,,PML(N),pmln,NA-77 (Faisalabad-III),National Assembly,14,2013-06-01,
853,Muhammad Baligh Ur Rehman,,,PML(N),pmln,NA-185 (Bahawalpur-III),National Assembly,14,2013-06-01,
803,Muhammad Barjees Tahir,,,PML(N),pmln,NA-135 (NANKANA SAHIB-I-Cum-Sheikhupura (Old Sheikhupura-V)),National Assembly,14,2013-06-01,
787,Muhammad Hamza Shehbaz Sharif,,,PML(N),pmln,NA-119 (Lahore-II),National Assembly,14,2013-06-01,
859,Muhammad Ijaz Ul Haq,,,PML-Z,pmlz,NA-191 (Bahawalnagar-IV),National Assembly,14,2013-06-01,
762,Muhammad Junaid Anwaar Chaudhry,,,PML(N),pmln,NA-93 (T.T.Singh-II),National Assembly,14,2013-06-01,
825,Muhammad Khan Daha,,,PML(N),pmln,NA-157 (Khanewal-II),National Assembly,14,2013-06-01,
815,Muhammad Moeen Wattoo,,,PML(N),pmln,NA-147 (Okara-V),National Assembly,14,2013-06-01,
918,Muhammad Muzammil Qureshi,,,MQM,mqm,NA-253 (Karachi-XV),National Assembly,14,2013-06-01,
791,Muhammad Pervaiz Malik,,,PML(N),pmln,NA-123 (Lahore-VI),National Assembly,14,2013-06-01,
910,Muhammad Rehan Hashmi,,,MQM,mqm,NA-245 (Karachi-VII),National Assembly,14,2013-06-01,
786,Muhammad Riaz Malik,,,PML(N),pmln,NA-118 (Lahore-I),National Assembly,14,2013-06-01,
822,Muhammad Siddique Khan Baloch,,,PML(N),pmln,NA-154 (Lodhran-I),National Assembly,14,2013-06-01,
961,Munaza Hassan,,,PTI,pti,"",National Assembly,14,2013-06-01,
977,Mussarat Ahmadzeb,,,PTI,pti,"",National Assembly,14,2013-06-01,
811,Nadeem Abbas Rebaira,,,PML(N),pmln,NA-143 (Okara-I),National Assembly,14,2013-06-01,
981,Naeema Kishwar Khan,,,JUI-F,juif,"",National Assembly,14,2013-06-01,
976,Nafeesa Inayatullah Khan Khattak,,,PTI,pti,"",National Assembly,14,2013-06-01,
760,Najaf Abbas Sial,,,PML(N),pmln,NA-91 (JHANG-III (Old NA-91 Jhang-VI)),National Assembly,14,2013-06-01,
777,Nasir Iqbal Bosal,,,PML(N),pmln,NA-109 (M.B.Din-II),National Assembly,14,2013-06-01,
866,Nauman Islam Shaikh,,,PPPP,pppp,NA-198 (Sukkur-I),National Assembly,14,2013-06-01,
883,Nawab Ali Wassan,,,PPPP,pppp,NA-215 (Khairpur-I),National Assembly,14,2013-06-01,
896,Nawab Muhammad Yousif Talpur,,,PPPP,pppp,NA-228 (UMERKOT (OLD MIRPURKHAS-III)),National Assembly,14,2013-06-01,
772,Nawabzada Mazher Ali,,,PML(N),pmln,NA-104 (Gujrat-I),National Assembly,14,2013-06-01,
873,Nazir Ahmed Bughio,,,PPPP,pppp,NA-205 (LARKANA-CUM-KAMBER SHAHDADKOT (OLD LARKANA-II)),National Assembly,14,2013-06-01,
943,Nighat Parveen,,,PML(N),pmln,"",National Assembly,14,2013-06-01,
940,Parveen Masood Bhatti,,,PML(N),pmln,"",National Assembly,14,2013-06-01,
1003,Phyllis Azeem,,,PML(N),pmln,"",National Assembly,14,2013-06-03,
900,Pir Bux Junejo,,,PML-F,pmlf,NA-234 (Sanghar-I),National Assembly,14,2013-06-01,
734,Pir Muhammad Amin Ul Hasnat Shah,,,PML(N),pmln,NA-64 (Sargodha-I),National Assembly,14,2013-06-01,
1010,Pir Noor Muhammad Shah Jeelani,,,PPPP,pppp,NA-230 (Tharparkar-II),National Assembly,14,2013-06-05,
884,Pir Sadaruddin Shah,,,PML-F,pmlf,NA-216 (Khairpur-II),National Assembly,14,2013-06-01,
894,Pir Shafqat Hussain Shah Jilani,,,PPPP,pppp,NA-226 (MIRPUR KHAS-CUM-UMERKOT (I) (OLD MIRPURKHAS-I)),National Assembly,14,2013-06-01,
755,Qaiser Ahmad Sheikh,,,PML(N),pmln,NA-86 (CHINIOT-I (Old NA-86 Jhang-I)),National Assembly,14,2013-06-01,
695,Qari Mohammad Yousif,,,JUI-F,juif,NA-22 (Battagram),National Assembly,14,2013-06-01,
898,Rafique Ahmed Jamali,,,PPPP,pppp,NA-232 (DADU-I (OLD DADU-II)),National Assembly,14,2013-06-01,
830,Rai Hasan Nawaz Khan,,,PTI,pti,NA-162 (Sahiwal-III),National Assembly,14,2013-06-01,
879,Rais Ghulam Murtaza Khan Jatoi,,,NPP,npp,NA-211 (Naushero Feroze-I),National Assembly,14,2013-06-01,
721,Raja Muhammad Javed Ikhlas,,,PML(N),pmln,NA-51 (Rawalpindi-II),National Assembly,14,2013-06-01,
992,Ramesh Lal,,,PPPP,pppp,"",National Assembly,14,2013-06-01,
799,Rana Afzaal Hussain,,,PML(N),pmln,NA-131 (Sheikhupura-I),National Assembly,14,2013-06-01,
752,Rana Muhammad Afzal Khan,,,PML(N),pmln,NA-82 (Faisalabad-VIII),National Assembly,14,2013-06-01,
810,Rana Muhammad Hayat Khan,,,PML(N),pmln,NA-142 (Kasur-V),National Assembly,14,2013-06-01,
809,Rana Muhammad Ishaq Khan,,,PML(N),pmln,NA-141 (Kasur-IV),National Assembly,14,2013-06-01,
780,Rana Shamim Ahmed Khan,,,PML(N),pmln,NA-112 (Sialkot-III),National Assembly,14,2013-06-01,
800,Rana Tanveer Hussain,,,PML(N),pmln,NA-132 (SHEIKHUPURA-II-cum-Nankana Sahib (Old Sheikhupura-II)),National Assembly,14,2013-06-01,
768,Rana Umer Nazir Khan,,,PML(N),pmln,NA-99 (Gujranwala-V),National Assembly,14,2013-06-01,
834,Rana Zahid Hussain Khan,,,PML(N),pmln,NA-166 (Pakpattan-III),National Assembly,14,2013-06-01,
814,Rao Muhammad Ajmal Khan,,,PML(N),pmln,NA-146 (Okara--IV),National Assembly,14,2013-06-01,
808,Rasheed Ahmad Khan,,,PML(N),pmln,NA-140 (Kasur-III),National Assembly,14,2013-06-01,
973,Reeta Ishwar,,,PML-F,pmlf,"",National Assembly,14,2013-06-01,
947,Rida Khan,,,PML(N),pmln,"",National Assembly,14,2013-06-01,
959,Romina Khurshid Alam,,,PML(N),pmln,"",National Assembly,14,2013-06-01,
902,Roshan Din Junejo,,,PPPP,pppp,NA-236 (SANGHAR-II (OLD SNAGHAR-III)),National Assembly,14,2013-06-03,
906,S.A. Iqbal Qadri,,,MQM,mqm,NA-241 (Karachi-III),National Assembly,14,2013-06-01,
1001,Sabiha Nazir,,,PML(N),pmln,"",National Assembly,14,2013-06-03,
838,Saeed Ahmed Khan Manais,,,PML(N),pmln,NA-170 (Vehari-IV),National Assembly,14,2013-06-01,
849,Sahibzada Faiz Ul Hassan,,,PML(N),pmln,NA-181 (Layyah-I),National Assembly,14,2013-06-01,
759,Sahibzada Muhammad Nazeer Sultan,,,PML(N),pmln,NA-90 (JHANG-II (Old NA-90 Jhang-V)),National Assembly,14,2013-06-01,
707,Sahibzada Muhammad Yaqub,,,JI,ji,NA-34 (Lower Dir),National Assembly,14,2013-06-01,
706,Sahibzada Tariq Ullah,,,JI,ji,NA-33 (Upper Dir-cum-Lower Dir (old Upper Dir)),National Assembly,14,2013-06-01,
771,Saira Afzal Tarar,,,PML(N),pmln,NA-102 (Hafizabad-I),National Assembly,14,2013-06-01,
921,Sajid Ahmed,,,MQM,mqm,NA-257 (Karachi-XIX),National Assembly,14,2013-06-01,
836,Sajid Mehdi,,,PML(N),pmln,NA-168 (Vehari-II),National Assembly,14,2013-06-01,
978,Sajida Begum,,,PTI,pti,"",National Assembly,14,2013-06-01,
806,Salman Hanif,,,PML(N),pmln,NA-138 (Kasur-I),National Assembly,14,2013-06-01,
971,Saman Sultana Jafri,,,MQM,mqm,"",National Assembly,14,2013-06-01,
994,Sanjay Perwani,,,MQM,mqm,"",National Assembly,14,2013-06-01,
869,Sardar Ali Muhammad Khan Mahar,,,PPPP,pppp,NA-201 (Ghotki-II),National Assembly,14,2013-06-01,
848,Sardar Ashiq Hussain Gopang,,,PML(N),pmln,NA-180 (Muzaffargarh-V),National Assembly,14,2013-06-01,
841,Sardar Awais Ahmad Khan Leghari,,,PML(N),pmln,NA-173 (D.G.Khan-III),National Assembly,14,2013-06-01,
790,"Sardar Ayaz Sadiq, Speaker National Assembly",,,PML(N),pmln,NA-122 (Lahore-V),National Assembly,14,2013-06-01,
932,Sardar Kamal Khan Bangulzai,,,NP,np,NA-268 (Kalat-cum-Mastung Haidri),National Assembly,14,2013-06-01,
892,Sardar Kamal Khan Chang,,,PPPP,pppp,NA-224 (BADIN-CUM-TANDO MUHAMMAD KHAN-I (OLD BADIN-I)),National Assembly,14,2013-06-01,
832,Sardar Mansab Ali Dogar,,,PML(N),pmln,NA-164 (Pakpattan-I),National Assembly,14,2013-06-01,
839,Sardar Muhammad Amjad Farooq Khan Khosa,,,PML(N),pmln,NA-171 (D.G.Khan-I),National Assembly,14,2013-06-01,
802,Sardar Muhammad Irfan Dogar,,,PML(N),pmln,NA-134 (SHEIKHUPURA-IV),National Assembly,14,2013-06-01,
842,Sardar Muhammad Jaffar Khan Leghari,,,PML(N),pmln,NA-174 (Rajanpur-I),National Assembly,14,2013-06-01,
1018,Sardar Muhammad Shafqat Hayat Khan,,,PML(N),pmln,NA-68 (Sargodha-V),National Assembly,14,2013-08-30,
693,Sardar Muhammad Yousaf,,,PML(N),pmln,NA-20 (Mansehra-I),National Assembly,14,2013-06-01,
731,Sardar Mumtaz Khan,,,PML(N),pmln,NA-61 (Chakwal-II),National Assembly,14,2013-06-01,
935,Sayed Essa Nori,,,BNP,bnp,NA-272 (Kech-cum-Gwadar),National Assembly,14,2013-08-13,
948,Seema Mohiuddin Jameeli,,,PML(N),pmln,"",National Assembly,14,2013-06-01,
794,Shafqat Mehmood,,,PTI,pti,NA-126 (Lahore-IX),National Assembly,14,2013-06-01,
956,Shaheen Shafiq,,,PML(N),pmln,"",National Assembly,14,2013-06-01,
980,Shahida Akhtar Ali,,,JUI-F,juif,"",National Assembly,14,2013-06-01,
913,Shahjahan Baloch,,,PPPP,pppp,NA-248 (Karachi-X),National Assembly,14,2013-06-01,
974,Shahjehan,,,NPP,npp,"",National Assembly,14,2013-06-01,
949,Shahnaz Saleem Malik,,,PML(N),pmln,"",National Assembly,14,2013-06-01,
792,Shaikh Rohale Asghar,,,PML(N),pmln,NA-124 (Lahore-VII),National Assembly,14,2013-06-01,
942,Shaista Pervaiz,,,PML(N),pmln,"",National Assembly,14,2013-06-01,
1015,Shakila Luqman,,,PML(N),pmln,"",National Assembly,14,2013-06-27,
1004,Shaza Fatima Khawaja,,,PML(N),pmln,"",National Assembly,14,2013-06-03,
953,Shazadi Umarzadi Tiwana,,,PML(N),pmln,"",National Assembly,14,2013-06-01,
958,Shazia Ashfaq Mattu,,,PML(N),pmln,"",National Assembly,14,2013-06-01,
727,Sheikh Aftab Ahmed,,,PML(N),pmln,NA-57 (Attock-I),National Assembly,14,2013-06-01,
861,Sheikh Fayyaz Ud Din,,,PML(N),pmln,NA-193 (R.Y.Khan-II),National Assembly,14,2013-06-01,
758,Sheikh Muhammad Akram,,,PML(N),pmln,NA-89 (JHANG-I (Old NA-89 Jhang-IV)),National Assembly,14,2013-06-01,
725,Sheikh Rashid Ahmed,,,AML,aml,NA-55 (Rawalpindi-VI),National Assembly,14,2013-06-01,
909,Sheikh Salahuddin,,,MQM,mqm,NA-244 (Karachi-VI),National Assembly,14,2013-06-01,
819,Skindar Hayyat Khan Bosan,,,PML(N),pmln,NA-151 (Multan-IV),National Assembly,14,2013-06-01,
905,Sohail Mansoor Khawaja,,,MQM,mqm,NA-240 (Karachi-II),National Assembly,14,2013-06-01,
798,Sohail Shoukat Butt,,,PML(N),pmln,NA-130 (Lahore-XIII),National Assembly,14,2013-06-01,
912,Sufyan Yousuf,,,MQM,mqm,NA-247 (Karachi-IX),National Assembly,14,2013-06-01,
952,Surriya Asghar,,,PML(N),pmln,"",National Assembly,14,2013-06-01,
916,Syed Ali Raza Abidi,,,MQM,mqm,NA-251 (Karachi-XIII),National Assembly,14,2013-06-01,
889,Syed Amir Ali Shah Jamote,,,PPPP,pppp,NA-221 (Hyderabad-IV),National Assembly,14,2013-06-01,
919,Syed Asif Hasnain,,,MQM,mqm,NA-255 (Karachi-XVII),National Assembly,14,2013-06-01,
903,Syed Ayaz Ali Shah Sheerazi,,,PML(N),pmln,NA-238 (Thatta-II),National Assembly,14,2013-06-01,
710,Syed Ghazi Gulab Jamal,,,IND,ind,NA-39 (Tribal Area-IV),National Assembly,14,2013-06-01,
882,Syed Ghulam Mustafa Shah,,,PPPP,pppp,NA-214 (SHAHEED BENAZIR ABAD (OLD NAWABSHAH-II)),National Assembly,14,2013-06-01,
781,Syed Iftikhar Ul Hassan,,,PML(N),pmln,NA-113 (Sialkot-IV),National Assembly,14,2013-06-01,
828,Syed Imran Ahmad Shah,,,PML(N),pmln,NA-160 (Sahiwal-I),National Assembly,14,2013-06-01,
820,Syed Javed Ali Shah,,,PML(N),pmln,NA-152 (Multan-V),National Assembly,14,2013-06-01,
885,Syed Kazim Ali Shah,,,PML-F,pmlf,NA-217 (Khairpur-III),National Assembly,14,2013-06-01,
867,Syed Khursheed Ahmed Shah,,,PPPP,pppp,NA-199 (SUKKUR-CUM-SHIKARPUR (II) (OLD SUKKUR-II)),National Assembly,14,2013-06-01,
856,Syed Muhammad Asghar,,,PML(N),pmln,NA-188 (Bahawalnagar-I),National Assembly,14,2013-06-01,
813,Syed Muhammad Ashiq Hussain Shah,,,PML(N),pmln,NA-145 (Okara-III),National Assembly,14,2013-06-01,
833,Syed Muhammad Athar Hussain Shah Gillani,,,PML(N),pmln,NA-165 (Pakpattan-II),National Assembly,14,2013-06-01,
850,Syed Muhammad Saqlain  Shah Bukhari,,,PML(N),pmln,NA-182 (Layyah-II),National Assembly,14,2013-06-01,
890,Syed Naveed Qamar Shah,,,PPPP,pppp,NA-222 (TANDO MUHAMMAD KHAN-CUM-HYDERABAD-CUM-BADIN (HYDERABAD-V)),National Assembly,14,2013-06-01,
888,Syed Waseem Hussain,,,MQM,mqm,NA-220 (Hyderabad-III),National Assembly,14,2013-06-01,
858,Tahir Bashir Cheema,,,PML(N),pmln,NA-190 (Bahawalnagar-III),National Assembly,14,2013-06-01,
837,Tahir Iqbal Ch,,,PML(N),pmln,NA-169 (Vehari-III),National Assembly,14,2013-06-01,
939,Tahira Aurangzeb,,,PML(N),pmln,"",National Assembly,14,2013-06-01,
1005,Tahmina Daultana,,,PML(N),pmln,"",National Assembly,14,2013-06-03,
990,Tariq Christopher Qaiser,,,PML(N),pmln,"",National Assembly,14,2013-06-01,
764,Usman Ibrahim,,,PML(N),pmln,NA-95 (Gujranwala-I),National Assembly,14,2013-06-01,
795,Waheed Alam Khan,,,PML(N),pmln,NA-127 (Lahore-X),National Assembly,14,2013-06-01,
807,Waseem Akhtar Shaikh,,,PML(N),pmln,NA-139 (Kasur-II),National Assembly,14,2013-06-01,
930,Zafarullah Khan Jamali,,,PML(N),pmln,NA-266 (Nasirabad),National Assembly,14,2013-06-01,
782,Zahid Hamid,,,PML(N),pmln,NA-114 (Sialkot-V),National Assembly,14,2013-06-01,
998,Zahra Wadood Fatemi,,,PML(N),pmln,"",National Assembly,14,2013-06-03,
938,Zeb Jaffar,,,PML(N),pmln,"",National Assembly,14,2013-06-01,
